<?xml version="1.0" encoding="utf-8" standalone="yes" ?>
<rss version="2.0" xmlns:atom="http://www.w3.org/2005/Atom">
  <channel>
    <title>Mohammad Abdul Hadi</title>
    <link>/</link>
      <atom:link href="/index.xml" rel="self" type="application/rss+xml" />
    <description>Mohammad Abdul Hadi</description>
    <generator>Source Themes Academic (https://sourcethemes.com/academic/)</generator><language>en-us</language><copyright>© Mohammad-Abdul-Hadi, 2021</copyright><lastBuildDate>Sat, 01 Jun 2030 13:00:00 +0000</lastBuildDate>
    <image>
      <url>/images/icon_hu837153259aa3eaf233be5c21ab790472_13982_512x512_fill_lanczos_center_2.png</url>
      <title>Mohammad Abdul Hadi</title>
      <link>/</link>
    </image>
    
    <item>
      <title>Example Page 1</title>
      <link>/courses/example/example1/</link>
      <pubDate>Sun, 05 May 2019 00:00:00 +0100</pubDate>
      <guid>/courses/example/example1/</guid>
      <description>&lt;p&gt;In this tutorial, I&amp;rsquo;ll share my top 10 tips for getting started with Academic:&lt;/p&gt;
&lt;h2 id=&#34;tip-1&#34;&gt;Tip 1&lt;/h2&gt;
&lt;p&gt;Lorem ipsum dolor sit amet, consectetur adipiscing elit. Duis posuere tellus ac convallis placerat. Proin tincidunt magna sed ex sollicitudin condimentum. Sed ac faucibus dolor, scelerisque sollicitudin nisi. Cras purus urna, suscipit quis sapien eu, pulvinar tempor diam. Quisque risus orci, mollis id ante sit amet, gravida egestas nisl. Sed ac tempus magna. Proin in dui enim. Donec condimentum, sem id dapibus fringilla, tellus enim condimentum arcu, nec volutpat est felis vel metus. Vestibulum sit amet erat at nulla eleifend gravida.&lt;/p&gt;
&lt;p&gt;Nullam vel molestie justo. Curabitur vitae efficitur leo. In hac habitasse platea dictumst. Sed pulvinar mauris dui, eget varius purus congue ac. Nulla euismod, lorem vel elementum dapibus, nunc justo porta mi, sed tempus est est vel tellus. Nam et enim eleifend, laoreet sem sit amet, elementum sem. Morbi ut leo congue, maximus velit ut, finibus arcu. In et libero cursus, rutrum risus non, molestie leo. Nullam congue quam et volutpat malesuada. Sed risus tortor, pulvinar et dictum nec, sodales non mi. Phasellus lacinia commodo laoreet. Nam mollis, erat in feugiat consectetur, purus eros egestas tellus, in auctor urna odio at nibh. Mauris imperdiet nisi ac magna convallis, at rhoncus ligula cursus.&lt;/p&gt;
&lt;p&gt;Cras aliquam rhoncus ipsum, in hendrerit nunc mattis vitae. Duis vitae efficitur metus, ac tempus leo. Cras nec fringilla lacus. Quisque sit amet risus at ipsum pharetra commodo. Sed aliquam mauris at consequat eleifend. Praesent porta, augue sed viverra bibendum, neque ante euismod ante, in vehicula justo lorem ac eros. Suspendisse augue libero, venenatis eget tincidunt ut, malesuada at lorem. Donec vitae bibendum arcu. Aenean maximus nulla non pretium iaculis. Quisque imperdiet, nulla in pulvinar aliquet, velit quam ultrices quam, sit amet fringilla leo sem vel nunc. Mauris in lacinia lacus.&lt;/p&gt;
&lt;p&gt;Suspendisse a tincidunt lacus. Curabitur at urna sagittis, dictum ante sit amet, euismod magna. Sed rutrum massa id tortor commodo, vitae elementum turpis tempus. Lorem ipsum dolor sit amet, consectetur adipiscing elit. Aenean purus turpis, venenatis a ullamcorper nec, tincidunt et massa. Integer posuere quam rutrum arcu vehicula imperdiet. Mauris ullamcorper quam vitae purus congue, quis euismod magna eleifend. Vestibulum semper vel augue eget tincidunt. Fusce eget justo sodales, dapibus odio eu, ultrices lorem. Duis condimentum lorem id eros commodo, in facilisis mauris scelerisque. Morbi sed auctor leo. Nullam volutpat a lacus quis pharetra. Nulla congue rutrum magna a ornare.&lt;/p&gt;
&lt;p&gt;Aliquam in turpis accumsan, malesuada nibh ut, hendrerit justo. Cum sociis natoque penatibus et magnis dis parturient montes, nascetur ridiculus mus. Quisque sed erat nec justo posuere suscipit. Donec ut efficitur arcu, in malesuada neque. Nunc dignissim nisl massa, id vulputate nunc pretium nec. Quisque eget urna in risus suscipit ultricies. Pellentesque odio odio, tincidunt in eleifend sed, posuere a diam. Nam gravida nisl convallis semper elementum. Morbi vitae felis faucibus, vulputate orci placerat, aliquet nisi. Aliquam erat volutpat. Maecenas sagittis pulvinar purus, sed porta quam laoreet at.&lt;/p&gt;
&lt;h2 id=&#34;tip-2&#34;&gt;Tip 2&lt;/h2&gt;
&lt;p&gt;Lorem ipsum dolor sit amet, consectetur adipiscing elit. Duis posuere tellus ac convallis placerat. Proin tincidunt magna sed ex sollicitudin condimentum. Sed ac faucibus dolor, scelerisque sollicitudin nisi. Cras purus urna, suscipit quis sapien eu, pulvinar tempor diam. Quisque risus orci, mollis id ante sit amet, gravida egestas nisl. Sed ac tempus magna. Proin in dui enim. Donec condimentum, sem id dapibus fringilla, tellus enim condimentum arcu, nec volutpat est felis vel metus. Vestibulum sit amet erat at nulla eleifend gravida.&lt;/p&gt;
&lt;p&gt;Nullam vel molestie justo. Curabitur vitae efficitur leo. In hac habitasse platea dictumst. Sed pulvinar mauris dui, eget varius purus congue ac. Nulla euismod, lorem vel elementum dapibus, nunc justo porta mi, sed tempus est est vel tellus. Nam et enim eleifend, laoreet sem sit amet, elementum sem. Morbi ut leo congue, maximus velit ut, finibus arcu. In et libero cursus, rutrum risus non, molestie leo. Nullam congue quam et volutpat malesuada. Sed risus tortor, pulvinar et dictum nec, sodales non mi. Phasellus lacinia commodo laoreet. Nam mollis, erat in feugiat consectetur, purus eros egestas tellus, in auctor urna odio at nibh. Mauris imperdiet nisi ac magna convallis, at rhoncus ligula cursus.&lt;/p&gt;
&lt;p&gt;Cras aliquam rhoncus ipsum, in hendrerit nunc mattis vitae. Duis vitae efficitur metus, ac tempus leo. Cras nec fringilla lacus. Quisque sit amet risus at ipsum pharetra commodo. Sed aliquam mauris at consequat eleifend. Praesent porta, augue sed viverra bibendum, neque ante euismod ante, in vehicula justo lorem ac eros. Suspendisse augue libero, venenatis eget tincidunt ut, malesuada at lorem. Donec vitae bibendum arcu. Aenean maximus nulla non pretium iaculis. Quisque imperdiet, nulla in pulvinar aliquet, velit quam ultrices quam, sit amet fringilla leo sem vel nunc. Mauris in lacinia lacus.&lt;/p&gt;
&lt;p&gt;Suspendisse a tincidunt lacus. Curabitur at urna sagittis, dictum ante sit amet, euismod magna. Sed rutrum massa id tortor commodo, vitae elementum turpis tempus. Lorem ipsum dolor sit amet, consectetur adipiscing elit. Aenean purus turpis, venenatis a ullamcorper nec, tincidunt et massa. Integer posuere quam rutrum arcu vehicula imperdiet. Mauris ullamcorper quam vitae purus congue, quis euismod magna eleifend. Vestibulum semper vel augue eget tincidunt. Fusce eget justo sodales, dapibus odio eu, ultrices lorem. Duis condimentum lorem id eros commodo, in facilisis mauris scelerisque. Morbi sed auctor leo. Nullam volutpat a lacus quis pharetra. Nulla congue rutrum magna a ornare.&lt;/p&gt;
&lt;p&gt;Aliquam in turpis accumsan, malesuada nibh ut, hendrerit justo. Cum sociis natoque penatibus et magnis dis parturient montes, nascetur ridiculus mus. Quisque sed erat nec justo posuere suscipit. Donec ut efficitur arcu, in malesuada neque. Nunc dignissim nisl massa, id vulputate nunc pretium nec. Quisque eget urna in risus suscipit ultricies. Pellentesque odio odio, tincidunt in eleifend sed, posuere a diam. Nam gravida nisl convallis semper elementum. Morbi vitae felis faucibus, vulputate orci placerat, aliquet nisi. Aliquam erat volutpat. Maecenas sagittis pulvinar purus, sed porta quam laoreet at.&lt;/p&gt;
</description>
    </item>
    
    <item>
      <title>Example Page 2</title>
      <link>/courses/example/example2/</link>
      <pubDate>Sun, 05 May 2019 00:00:00 +0100</pubDate>
      <guid>/courses/example/example2/</guid>
      <description>&lt;p&gt;Here are some more tips for getting started with Academic:&lt;/p&gt;
&lt;h2 id=&#34;tip-3&#34;&gt;Tip 3&lt;/h2&gt;
&lt;p&gt;Lorem ipsum dolor sit amet, consectetur adipiscing elit. Duis posuere tellus ac convallis placerat. Proin tincidunt magna sed ex sollicitudin condimentum. Sed ac faucibus dolor, scelerisque sollicitudin nisi. Cras purus urna, suscipit quis sapien eu, pulvinar tempor diam. Quisque risus orci, mollis id ante sit amet, gravida egestas nisl. Sed ac tempus magna. Proin in dui enim. Donec condimentum, sem id dapibus fringilla, tellus enim condimentum arcu, nec volutpat est felis vel metus. Vestibulum sit amet erat at nulla eleifend gravida.&lt;/p&gt;
&lt;p&gt;Nullam vel molestie justo. Curabitur vitae efficitur leo. In hac habitasse platea dictumst. Sed pulvinar mauris dui, eget varius purus congue ac. Nulla euismod, lorem vel elementum dapibus, nunc justo porta mi, sed tempus est est vel tellus. Nam et enim eleifend, laoreet sem sit amet, elementum sem. Morbi ut leo congue, maximus velit ut, finibus arcu. In et libero cursus, rutrum risus non, molestie leo. Nullam congue quam et volutpat malesuada. Sed risus tortor, pulvinar et dictum nec, sodales non mi. Phasellus lacinia commodo laoreet. Nam mollis, erat in feugiat consectetur, purus eros egestas tellus, in auctor urna odio at nibh. Mauris imperdiet nisi ac magna convallis, at rhoncus ligula cursus.&lt;/p&gt;
&lt;p&gt;Cras aliquam rhoncus ipsum, in hendrerit nunc mattis vitae. Duis vitae efficitur metus, ac tempus leo. Cras nec fringilla lacus. Quisque sit amet risus at ipsum pharetra commodo. Sed aliquam mauris at consequat eleifend. Praesent porta, augue sed viverra bibendum, neque ante euismod ante, in vehicula justo lorem ac eros. Suspendisse augue libero, venenatis eget tincidunt ut, malesuada at lorem. Donec vitae bibendum arcu. Aenean maximus nulla non pretium iaculis. Quisque imperdiet, nulla in pulvinar aliquet, velit quam ultrices quam, sit amet fringilla leo sem vel nunc. Mauris in lacinia lacus.&lt;/p&gt;
&lt;p&gt;Suspendisse a tincidunt lacus. Curabitur at urna sagittis, dictum ante sit amet, euismod magna. Sed rutrum massa id tortor commodo, vitae elementum turpis tempus. Lorem ipsum dolor sit amet, consectetur adipiscing elit. Aenean purus turpis, venenatis a ullamcorper nec, tincidunt et massa. Integer posuere quam rutrum arcu vehicula imperdiet. Mauris ullamcorper quam vitae purus congue, quis euismod magna eleifend. Vestibulum semper vel augue eget tincidunt. Fusce eget justo sodales, dapibus odio eu, ultrices lorem. Duis condimentum lorem id eros commodo, in facilisis mauris scelerisque. Morbi sed auctor leo. Nullam volutpat a lacus quis pharetra. Nulla congue rutrum magna a ornare.&lt;/p&gt;
&lt;p&gt;Aliquam in turpis accumsan, malesuada nibh ut, hendrerit justo. Cum sociis natoque penatibus et magnis dis parturient montes, nascetur ridiculus mus. Quisque sed erat nec justo posuere suscipit. Donec ut efficitur arcu, in malesuada neque. Nunc dignissim nisl massa, id vulputate nunc pretium nec. Quisque eget urna in risus suscipit ultricies. Pellentesque odio odio, tincidunt in eleifend sed, posuere a diam. Nam gravida nisl convallis semper elementum. Morbi vitae felis faucibus, vulputate orci placerat, aliquet nisi. Aliquam erat volutpat. Maecenas sagittis pulvinar purus, sed porta quam laoreet at.&lt;/p&gt;
&lt;h2 id=&#34;tip-4&#34;&gt;Tip 4&lt;/h2&gt;
&lt;p&gt;Lorem ipsum dolor sit amet, consectetur adipiscing elit. Duis posuere tellus ac convallis placerat. Proin tincidunt magna sed ex sollicitudin condimentum. Sed ac faucibus dolor, scelerisque sollicitudin nisi. Cras purus urna, suscipit quis sapien eu, pulvinar tempor diam. Quisque risus orci, mollis id ante sit amet, gravida egestas nisl. Sed ac tempus magna. Proin in dui enim. Donec condimentum, sem id dapibus fringilla, tellus enim condimentum arcu, nec volutpat est felis vel metus. Vestibulum sit amet erat at nulla eleifend gravida.&lt;/p&gt;
&lt;p&gt;Nullam vel molestie justo. Curabitur vitae efficitur leo. In hac habitasse platea dictumst. Sed pulvinar mauris dui, eget varius purus congue ac. Nulla euismod, lorem vel elementum dapibus, nunc justo porta mi, sed tempus est est vel tellus. Nam et enim eleifend, laoreet sem sit amet, elementum sem. Morbi ut leo congue, maximus velit ut, finibus arcu. In et libero cursus, rutrum risus non, molestie leo. Nullam congue quam et volutpat malesuada. Sed risus tortor, pulvinar et dictum nec, sodales non mi. Phasellus lacinia commodo laoreet. Nam mollis, erat in feugiat consectetur, purus eros egestas tellus, in auctor urna odio at nibh. Mauris imperdiet nisi ac magna convallis, at rhoncus ligula cursus.&lt;/p&gt;
&lt;p&gt;Cras aliquam rhoncus ipsum, in hendrerit nunc mattis vitae. Duis vitae efficitur metus, ac tempus leo. Cras nec fringilla lacus. Quisque sit amet risus at ipsum pharetra commodo. Sed aliquam mauris at consequat eleifend. Praesent porta, augue sed viverra bibendum, neque ante euismod ante, in vehicula justo lorem ac eros. Suspendisse augue libero, venenatis eget tincidunt ut, malesuada at lorem. Donec vitae bibendum arcu. Aenean maximus nulla non pretium iaculis. Quisque imperdiet, nulla in pulvinar aliquet, velit quam ultrices quam, sit amet fringilla leo sem vel nunc. Mauris in lacinia lacus.&lt;/p&gt;
&lt;p&gt;Suspendisse a tincidunt lacus. Curabitur at urna sagittis, dictum ante sit amet, euismod magna. Sed rutrum massa id tortor commodo, vitae elementum turpis tempus. Lorem ipsum dolor sit amet, consectetur adipiscing elit. Aenean purus turpis, venenatis a ullamcorper nec, tincidunt et massa. Integer posuere quam rutrum arcu vehicula imperdiet. Mauris ullamcorper quam vitae purus congue, quis euismod magna eleifend. Vestibulum semper vel augue eget tincidunt. Fusce eget justo sodales, dapibus odio eu, ultrices lorem. Duis condimentum lorem id eros commodo, in facilisis mauris scelerisque. Morbi sed auctor leo. Nullam volutpat a lacus quis pharetra. Nulla congue rutrum magna a ornare.&lt;/p&gt;
&lt;p&gt;Aliquam in turpis accumsan, malesuada nibh ut, hendrerit justo. Cum sociis natoque penatibus et magnis dis parturient montes, nascetur ridiculus mus. Quisque sed erat nec justo posuere suscipit. Donec ut efficitur arcu, in malesuada neque. Nunc dignissim nisl massa, id vulputate nunc pretium nec. Quisque eget urna in risus suscipit ultricies. Pellentesque odio odio, tincidunt in eleifend sed, posuere a diam. Nam gravida nisl convallis semper elementum. Morbi vitae felis faucibus, vulputate orci placerat, aliquet nisi. Aliquam erat volutpat. Maecenas sagittis pulvinar purus, sed porta quam laoreet at.&lt;/p&gt;
</description>
    </item>
    
    <item>
      <title>Example Talk</title>
      <link>/talk/example/</link>
      <pubDate>Sat, 01 Jun 2030 13:00:00 +0000</pubDate>
      <guid>/talk/example/</guid>
      <description>&lt;div class=&#34;alert alert-note&#34;&gt;
  &lt;div&gt;
    Click on the &lt;strong&gt;Slides&lt;/strong&gt; button above to view the built-in slides feature.
  &lt;/div&gt;
&lt;/div&gt;
&lt;p&gt;Slides can be added in a few ways:&lt;/p&gt;
&lt;ul&gt;
&lt;li&gt;&lt;strong&gt;Create&lt;/strong&gt; slides using Academic&amp;rsquo;s 
&lt;a href=&#34;https://sourcethemes.com/academic/docs/managing-content/#create-slides&#34; target=&#34;_blank&#34; rel=&#34;noopener&#34;&gt;&lt;em&gt;Slides&lt;/em&gt;&lt;/a&gt; feature and link using &lt;code&gt;slides&lt;/code&gt; parameter in the front matter of the talk file&lt;/li&gt;
&lt;li&gt;&lt;strong&gt;Upload&lt;/strong&gt; an existing slide deck to &lt;code&gt;static/&lt;/code&gt; and link using &lt;code&gt;url_slides&lt;/code&gt; parameter in the front matter of the talk file&lt;/li&gt;
&lt;li&gt;&lt;strong&gt;Embed&lt;/strong&gt; your slides (e.g. Google Slides) or presentation video on this page using 
&lt;a href=&#34;https://sourcethemes.com/academic/docs/writing-markdown-latex/&#34; target=&#34;_blank&#34; rel=&#34;noopener&#34;&gt;shortcodes&lt;/a&gt;.&lt;/li&gt;
&lt;/ul&gt;
&lt;p&gt;Further talk details can easily be added to this page using &lt;em&gt;Markdown&lt;/em&gt; and $\rm \LaTeX$ math code.&lt;/p&gt;
</description>
    </item>
    
    <item>
      <title>Empirical Study on PTMs for App Reviews classification</title>
      <link>/project/ptm-ar-classification/</link>
      <pubDate>Mon, 12 Apr 2021 00:00:00 +0000</pubDate>
      <guid>/project/ptm-ar-classification/</guid>
      <description>&lt;h2 id=&#34;context&#34;&gt;Context:&lt;/h2&gt;
&lt;p&gt;Mobile app reviews written by users on app stores or social media are significant resources for app developers.Analyzing app reviews have proved to be useful for many areas of software engineering (e.g., requirement engineering, testing). Automatic classification of app reviews requires extensive efforts to manually curate a labeled dataset. When the classification purpose changes (e.g. identifying bugs versus usability issues or sentiment), new datasets should be labeled, which prevents the extensibility of the developed models for new desired classes/tasks in practice. Recent pre-trained neural language models (PTM) are trained on large corpora in an unsupervised manner and have found success in solving similar Natural Language Processing problems. However, the applicability of PTMs is not explored for app review classification.&lt;/p&gt;
&lt;h2 id=&#34;objective&#34;&gt;Objective:&lt;/h2&gt;
&lt;p&gt;We investigate the benefits of PTMs for app review classification compared to the existing models, as well as the transferability of PTMs in multiple settings.&lt;/p&gt;
&lt;h2 id=&#34;method&#34;&gt;Method:&lt;/h2&gt;
&lt;p&gt;We empirically study the accuracy and time efficiency of PTMs compared to prior approaches using six datasets from literature. In addition, we investigate the performance of the PTMs trained on app reviews (i.e. domain-specific PTMs) . We set up different studies to evaluate PTMs in multiple settings: binary vs. multi-class classification, zero-shot classification (when new labels are introduced to the model), multi-task setting, and classification of reviews from different resources. The datasets are manually labeled app review datasets from Google Play Store, Apple App Store, and Twitter data. In all cases, Micro and Macro Precision, Recall, and F1-scores will be used and we will report the time required for training and prediction with the models.&lt;/p&gt;
&lt;p&gt;In this study, we aim to explore the benefits of PTMs compared to the existing approaches for app review analysis, specifically app issue-classification tasks. We define the app issue-classification as the task of extracting useful information from users’ feedback which can be requirements related, release planning related, and software maintenance related. The extracted information helps identifying different aspects, including feature requests, aspect evaluations (e.g., feature strength, feature shortcoming, application performance), problem reports, usability, portability, reliability, privacy and security, energy related, appraisals, inquiries about the application, etc. from app reviews. Our goal is to investigate accuracy and time efficiency of PTMs for classification of different datasets with various labels and multiple tasks (i.e. issue classification and sentiment analysis of app reviews). Therefore, experiments will be conducted in different settings. These experiments will provide baselines on the applicability of PTMs for app review analysis including cost of using them (in term of required time for predictions), and their capability to reduce the manual effort required for labeling large datasets. We expect that PTMs can achieve at least the same performance as the current approaches, as well as being beneficial to be used for multiple classification tasks. The contributions of this study are:&lt;/p&gt;
&lt;ul&gt;
&lt;li&gt;
&lt;p&gt;This is the first study that explores the applicability of PTMs for automatic app issue classification tasks compared to the existing tools.&lt;/p&gt;
&lt;/li&gt;
&lt;li&gt;
&lt;p&gt;We will conduct an extensive comparison between four PTMs and four existing tools/approaches on six different app review datasets with different sizes and labels.&lt;/p&gt;
&lt;/li&gt;
&lt;li&gt;
&lt;p&gt;We are the first to explore the performance of general versus domain-specific pre-trained PTMs for app review classification.&lt;/p&gt;
&lt;/li&gt;
&lt;li&gt;
&lt;p&gt;This is the first empirical study to examine the accuracy and efficiency of PTMs in four different settings: binary vs. multi-class classification, zero shot setting, multi-task setting, and setting in which training data is from one resource (e.g. App Store) and the model is tested on data from another platform (e.g. Twitter).&lt;/p&gt;
&lt;/li&gt;
&lt;/ul&gt;
</description>
    </item>
    
    <item>
      <title>Evaluating Pre-Trained Models for User Feedback Analysis in Software Engineering</title>
      <link>/publication/emp-study-on-ptms/</link>
      <pubDate>Mon, 12 Apr 2021 00:00:00 +0000</pubDate>
      <guid>/publication/emp-study-on-ptms/</guid>
      <description></description>
    </item>
    
    <item>
      <title>PTM Empirical Study</title>
      <link>/slides/emp-study-ptm/</link>
      <pubDate>Mon, 12 Apr 2021 00:00:00 +0000</pubDate>
      <guid>/slides/emp-study-ptm/</guid>
      <description>&lt;h1 id=&#34;evaluating-ptms-for-user-feedback-analysis-in-se&#34;&gt;Evaluating PTMS for User Feedback Analysis in SE&lt;/h1&gt;
&lt;p&gt;
&lt;a href=&#34;https://arxiv.org/pdf/2104.05861&#34; target=&#34;_blank&#34; rel=&#34;noopener&#34;&gt;Pre-print&lt;/a&gt; | 
&lt;a href=&#34;https://docs.google.com/presentation/d/1NgKxgn2PZ_QKxZwLCXYtPzIe-oNXFevj/edit?usp=sharing&amp;amp;ouid=115117445400598553695&amp;amp;rtpof=true&amp;amp;sd=true&#34; target=&#34;_blank&#34; rel=&#34;noopener&#34;&gt;Slides&lt;/a&gt;&lt;/p&gt;
&lt;hr&gt;
&lt;h2 id=&#34;context&#34;&gt;Context&lt;/h2&gt;
&lt;ul&gt;
&lt;li&gt;Analyzing app reviews have proved to be useful for many areas of software engineering.&lt;/li&gt;
&lt;li&gt;Automatic classification of app reviews requires extensive efforts to manually curate a labeled dataset.&lt;/li&gt;
&lt;li&gt;Recent pre-trained neural language models (PTM) are trained on large corpora in an unsupervised manner and have found success in solving similar Natural Language Processing problems.&lt;/li&gt;
&lt;/ul&gt;
&lt;hr&gt;
&lt;h2 id=&#34;objective&#34;&gt;Objective&lt;/h2&gt;
&lt;ul&gt;
&lt;li&gt;We investigate the benefits of PTMs for app review classification compared to the existing models,&lt;/li&gt;
&lt;li&gt;We also examine the transferability of PTMs in multiple settings.&lt;/li&gt;
&lt;/ul&gt;
&lt;hr&gt;
&lt;h2 id=&#34;proposed-method&#34;&gt;Proposed Method&lt;/h2&gt;
&lt;ul&gt;
&lt;li&gt;We empirically study the accuracy and time efficiency of PTMs compared to prior approaches using six datasets from literature. We also investigate the performance of the PTMs trained on app reviews.&lt;/li&gt;
&lt;li&gt;We set up studies to evaluate PTMs in multiple settings: binary vs. multi-class classification, zero-shot classification, multi-task setting, and classification of reviews from different resources.&lt;/li&gt;
&lt;/ul&gt;
&lt;hr&gt;
&lt;h2 id=&#34;contributions&#34;&gt;Contributions&lt;/h2&gt;
&lt;ul&gt;
&lt;li&gt;This is the first study that explores the difference between four PTMs and four existing tools/approaches on six different app review datasets with different sizes and labels.&lt;/li&gt;
&lt;li&gt;We are the first to explore the performance of general versus domain-specific pre-trained PTMs for app review classification.&lt;/li&gt;
&lt;/ul&gt;
&lt;hr&gt;
&lt;ul&gt;
&lt;li&gt;This is the first empirical study to examine the accuracy and efficiency of PTMs in four different settings: binary vs. multi-class classification, zero shot setting, multi-task setting, and setting in which training data is from one resource (e.g., App Store) and the model is tested on data from another platform (e.g., Twitter).&lt;/li&gt;
&lt;/ul&gt;
&lt;hr&gt;
&lt;h2 id=&#34;research-questions&#34;&gt;Research Questions&lt;/h2&gt;
&lt;ul&gt;
&lt;li&gt;
&lt;p&gt;&lt;em&gt;RQ1:&lt;/em&gt; How accurate and efficient are the PTMs in the classification of app reviews compared to the existing tools?&lt;/p&gt;
&lt;/li&gt;
&lt;li&gt;
&lt;p&gt;&lt;em&gt;RQ2:&lt;/em&gt; How does the performance of the PTMs change when they are pre-trained on app-review dataset, instead of a generic dataset (e.g., Wiki-documents, book corpus)?&lt;/p&gt;
&lt;/li&gt;
&lt;/ul&gt;
&lt;hr&gt;
&lt;ul&gt;
&lt;li&gt;&lt;em&gt;RQ3:&lt;/em&gt; How do the PTMs perform in the following settings?
(a) Binary vs multi-class setting,
(b) Zero-shot classification,
(c) Multi-task setting (i.e., different app-review analysis tasks),
(d) Classification of user-reviews collected from different resources.&lt;/li&gt;
&lt;/ul&gt;
&lt;hr&gt;
&lt;h2 id=&#34;datasets&#34;&gt;Datasets&lt;/h2&gt;
&lt;ul&gt;
&lt;li&gt;&lt;em&gt;Dataset 1 (D1):&lt;/em&gt; This dataset is procured by Gu and Kim (contains 34,000 reviews from 17 popular Android apps; labeled with 5 classes)&lt;/li&gt;
&lt;li&gt;&lt;em&gt;Dataset 2 (D2):&lt;/em&gt; This dataset is procured by Stanik et al. (contains 6,406 app reviews from Google Play and 10,364 tweets which are labeled manually into three classes: Problem Report, Inquiry, and Irrelevant&lt;/li&gt;
&lt;/ul&gt;
&lt;hr&gt;
&lt;ul&gt;
&lt;li&gt;&lt;em&gt;Dataset 3 (D3):&lt;/em&gt; This dataset is provided by Lu and Liang (contains 2,000 review sentences from 2 apps, one app from Google Play and another from Apple App Store; the reviews are classified into six categories)&lt;/li&gt;
&lt;li&gt;&lt;em&gt;Dataset 4 (D4):&lt;/em&gt; This dataset was procured by Maalej and Nabil (contains 2,000 manually labeled reviews from random apps selected from top apps in different categories; the reviews are classified into four categories)&lt;/li&gt;
&lt;/ul&gt;
&lt;hr&gt;
&lt;ul&gt;
&lt;li&gt;&lt;em&gt;Dataset 5 (D5):&lt;/em&gt; This dataset is published by Guo et al. (contains 1,500 app reviews from randomly selected 151 apps from Apple App Store; the reviews are classified into three categories)&lt;/li&gt;
&lt;li&gt;&lt;em&gt;Dataset 6 (D6):&lt;/em&gt; This dataset was procured by Guzman et al.; (contains 1820 reviews of 3 apps from Apple App Store and 4 apps from Google Play; this dataset includes seven categories)&lt;/li&gt;
&lt;/ul&gt;
&lt;hr&gt;
&lt;h1 id=&#34;questions&#34;&gt;Questions?&lt;/h1&gt;
&lt;p&gt;
&lt;a href=&#34;https://twitter.com/mohammad_a_hadi&#34; target=&#34;_blank&#34; rel=&#34;noopener&#34;&gt;Ask&lt;/a&gt;&lt;/p&gt;
&lt;p&gt;
&lt;a href=&#34;https://youtu.be/MGPKt5Nb9HM&#34; target=&#34;_blank&#34; rel=&#34;noopener&#34;&gt;Presentation&lt;/a&gt;&lt;/p&gt;
</description>
    </item>
    
    <item>
      <title>AOBTM - Adaptive Online Biterm Topic Modeling for Version Sensitive Short-texts Analysis</title>
      <link>/publication/aobtm/</link>
      <pubDate>Mon, 28 Sep 2020 00:00:00 +0000</pubDate>
      <guid>/publication/aobtm/</guid>
      <description></description>
    </item>
    
    <item>
      <title>AOBTM</title>
      <link>/project/aobtm/</link>
      <pubDate>Tue, 01 Sep 2020 00:00:00 +0000</pubDate>
      <guid>/project/aobtm/</guid>
      <description>&lt;p&gt;Analysis of mobile app reviews has shown its important role in requirement engineering, software maintenance and evolution of mobile apps. Mobile app developers check their users&amp;rsquo; reviews frequently to clarify the issues experienced by users or capture the new issues that are introduced due to a recent app update. App reviews have a dynamic nature and their discussed topics change over time. The changes in the topics among collected reviews for different versions of an app can reveal important issues about the app update. A main technique in this analysis is using topic modeling algorithms. However, app reviews are short texts and it is challenging to unveil their latent topics over time. Conventional topic models such as Latent Dirichlet Allocation (LDA) and Probabilistic Latent Semantic Analysis (PLSA) suffer from the sparsity of word co-occurrence patterns while inferring topics for short texts. Furthermore, these algorithms cannot capture topics over numerous consecutive time-slices (or versions). Online topic modeling algorithms such as Online LDA (OLDA) and Online Biterm Topic Model (OBTM) speed up the inference of topic models for the texts collected in the latest time-slice by saving a fraction of data from the previous time-slice. But these algorithms do not analyze the statistical-data of all the previous time-slices, which can confer contributions to the topic distribution of the current time-slice.In this paper, we propose Adaptive Online Biterm Topic Model (AOBTM) to model topics in short texts adaptively. AOBTM alleviates the sparsity problem in short-texts and considers the statistical-data for an optimal number of previous time-slices. We also propose parallel algorithms to automatically determine the optimal number of topics and the best number of previous versions that should be considered in topic inference phase. Automatic evaluation on collections of app reviews and real-world short text datasets confirm that AOBTM can find more coherent topics and outperforms the state-of-the-art baselines. For reproducibility of the results, we open source all scripts.&lt;/p&gt;
&lt;p&gt;In this paper, we propose a new adaptive online topic model for short texts which takes previous versions’ varying contribution into account. We refer to this novel model as the Adaptive Online Biterm Topic Model (AOBTM). AOBTM inherits the characteristics of BTM to deal with the data sparsity issue. It is an online algorithm that can scale for the increasing volume of the dataset that is generated frequently. AOBTM also endows the statistics of the previous versions with different contributions to the topic distributions of the current version of the dataset. Also, we have employed a preprocessing technique that is useful for yielding better top contributing key-terms to help the manual investigation of the inferred topics. Our contributions are enlisted below:&lt;/p&gt;
&lt;ul&gt;
&lt;li&gt;
&lt;p&gt;We propose a novel method called AOBTM for version sensitive content analysis for short texts. This method adaptively combines the topic distributions of a selected number prior versions to generate topic distributions of the current version.&lt;/p&gt;
&lt;/li&gt;
&lt;li&gt;
&lt;p&gt;We propose two parallel algorithms; the first algorithm can identify an optimal number of topics to be derived in the latest version, and the second algorithm can identify the optimal number of previous versions to be taken into consideration for adaptive aggregation of statistical data.&lt;/p&gt;
&lt;/li&gt;
&lt;li&gt;
&lt;p&gt;To encourage replicability, we make all scripts, codes, and graphs available to the community.&lt;/p&gt;
&lt;/li&gt;
&lt;/ul&gt;
&lt;p&gt;We have conducted experiments on app review datasets and Twitter dataset with large number of records to evaluate performance of AOBTM compared to five baseline algorithms. Also, we integrated AOBTM into the state of the art online app-review analysis framework called IDEA for comparison. Our results show that topics captured by AOBTM are more coherent compared to the topics extracted by baseline methods.&lt;/p&gt;
</description>
    </item>
    
    <item>
      <title>AOBTM</title>
      <link>/slides/aobtm/</link>
      <pubDate>Tue, 01 Sep 2020 00:00:00 +0000</pubDate>
      <guid>/slides/aobtm/</guid>
      <description>&lt;h1 id=&#34;aobtm---adaptive-online-biterm-topic-model&#34;&gt;AOBTM - Adaptive Online Biterm Topic Model&lt;/h1&gt;
&lt;p&gt;
&lt;a href=&#34;https://github.com/Mohammad-Abdul-Hadi/AOBTM-Adaptive-Online-Biterm-Topic-Modeling&#34; target=&#34;_blank&#34; rel=&#34;noopener&#34;&gt;Code&lt;/a&gt; | 
&lt;a href=&#34;https://arxiv.org/pdf/2009.09930.pdf&#34; target=&#34;_blank&#34; rel=&#34;noopener&#34;&gt;Paper&lt;/a&gt;&lt;/p&gt;
&lt;hr&gt;
&lt;h2 id=&#34;problem-statement&#34;&gt;Problem Statement&lt;/h2&gt;
&lt;ul&gt;
&lt;li&gt;App reviews have dynamic nature&lt;/li&gt;
&lt;li&gt;Discussed topics in the app-reviews change over time for different versions of app.&lt;/li&gt;
&lt;li&gt;The changes in the topics should be analyzed to reveal important issues in the app update&lt;/li&gt;
&lt;/ul&gt;
&lt;hr&gt;
&lt;h2 id=&#34;conventional-inadequate-approaches&#34;&gt;Conventional (Inadequate) Approaches&lt;/h2&gt;
&lt;ul&gt;
&lt;li&gt;Conventional topic models, such as LDA, PLSA, BTM&lt;/li&gt;
&lt;li&gt;Online Topic Modeling algorithms, such as OLDA, OBTM&lt;/li&gt;
&lt;/ul&gt;
&lt;hr&gt;
&lt;h2 id=&#34;proposed-approach--contributions&#34;&gt;Proposed Approach &amp;amp; Contributions&lt;/h2&gt;
&lt;ul&gt;
&lt;li&gt;Adaptive Online Biterm Topic Model (AOBTM)&lt;/li&gt;
&lt;li&gt;Parallel algorithms to automatically determine the optimal number of topics&lt;/li&gt;
&lt;li&gt;Parallel algorithms to automatically determine the best number of previous version to consider&lt;/li&gt;
&lt;li&gt;Open sourced Code: github.com/Mohammad-Abdul-Hadi/AOBTM-Adaptive-Online-Biterm-Topic-Modeling&lt;/li&gt;
&lt;/ul&gt;
&lt;hr&gt;
&lt;h2 id=&#34;research-questions&#34;&gt;Research Questions&lt;/h2&gt;
&lt;ul&gt;
&lt;li&gt;Can AOBTM achieve better performance compared to baselines?&lt;/li&gt;
&lt;li&gt;How different parameter settings impact the performance of AOBTM?&lt;/li&gt;
&lt;li&gt;How discriminative and coherent are the topics discovered when parameters are set by proposed parallel algorithms?&lt;/li&gt;
&lt;/ul&gt;
&lt;hr&gt;
&lt;h2 id=&#34;observations&#34;&gt;Observations&lt;/h2&gt;
&lt;ul&gt;
&lt;li&gt;AOBTM delivers the highest PMI_Scores in every dataset&lt;/li&gt;
&lt;li&gt;AOBTM delivers the highest Dis_Scores in every dataset except for Tweets2020&lt;/li&gt;
&lt;li&gt;AOBTM also delivers the highest scores in every dataset for Precision, Recall, and F_hybrid&lt;/li&gt;
&lt;/ul&gt;
&lt;hr&gt;
&lt;ul&gt;
&lt;li&gt;We acknowledge that AOBTM is time-expensive; but the run-time is still comparable to adaptive online algorithms when the dataset is small.&lt;/li&gt;
&lt;li&gt;AOBTM outperforms AOLDA in runtime for NOAA Radar dataset, which has the lowest number of average short texts per version&lt;/li&gt;
&lt;/ul&gt;
&lt;hr&gt;
&lt;h2 id=&#34;conclusions&#34;&gt;Conclusions&lt;/h2&gt;
&lt;ul&gt;
&lt;li&gt;Proposed a novel Adaptive topic modeling algorithm, AOBTM&lt;/li&gt;
&lt;li&gt;AOBTM discovers coherent and discriminative topics from short texts&lt;/li&gt;
&lt;li&gt;AOBTM addresses the problems with conventional topic models by adopting a version sensitive strategy&lt;/li&gt;
&lt;/ul&gt;
&lt;hr&gt;
&lt;ul&gt;
&lt;li&gt;Proposed two parallel algorithms to determine the value of the two most important parameters of our model automatically&lt;/li&gt;
&lt;li&gt;The results of several experiments on different datasets conform the performance of AOBTM compared to the state-of-the-art algorithms.&lt;/li&gt;
&lt;/ul&gt;
&lt;hr&gt;
&lt;h1 id=&#34;questions&#34;&gt;Questions?&lt;/h1&gt;
&lt;p&gt;
&lt;a href=&#34;https://twitter.com/mohammad_a_hadi&#34; target=&#34;_blank&#34; rel=&#34;noopener&#34;&gt;Ask&lt;/a&gt;&lt;/p&gt;
&lt;p&gt;
&lt;a href=&#34;https://youtu.be/0xxmmfIRsHY&#34; target=&#34;_blank&#34; rel=&#34;noopener&#34;&gt;Presentation&lt;/a&gt;&lt;/p&gt;
</description>
    </item>
    
    <item>
      <title>Review-Viz</title>
      <link>/project/review-viz/</link>
      <pubDate>Wed, 05 Aug 2020 00:00:00 +0000</pubDate>
      <guid>/project/review-viz/</guid>
      <description>&lt;p&gt;In our recent work, we have developed a replication package for the mobile application developers to help them isolate/classify energyrelated feedbacks from app-reviews and further investigate these reviews for potential issues crucial to the energy efficiency of the application. This package lets the developer decide which model to use and which features to choose based on their convenience at any given time. Additionally, the package helps the developer to deploy topic modeling algorithms to identify new issues/causes related to energy efficiency. Using this package, we have performed an empirical study with the participation of 4 developers. They have exhaustively performed all the models, feature combinations, and different topic modeling algorithms and carefully examined the generated result set manually.&lt;/p&gt;
&lt;h2 id=&#34;contribution&#34;&gt;Contribution&lt;/h2&gt;
&lt;p&gt;The resultant computational analysis (much like the output of our replication package) can be effectively combined with human reasoning with the help of powerful visualization that could lead to increased efficiency and more valuable results. So, we developed an interactive visualization tool to help the developers assimilate the result of the discussed empirical study of over 90 models, features combinations. Additionally, The tool also helps to visualize the output of the topic modeling algorithms to identify recent potential issues most likely to cause energy inefficiency in the app. For flexibility, it gives the developers options to choose the representation of a certain outcome.&lt;/p&gt;
&lt;h2 id=&#34;tool-architecture&#34;&gt;Tool Architecture&lt;/h2&gt;
&lt;p&gt;The architecture of the tool contains two main components. The components were structured based on two essential purposes: (a) Present the extensive outcome of classification techniques of the energy-related reviews and (b) Demonstrate the outcome of topic modeling approaches to automatically discover underlying issues causing energy inefficiency. Each component is necessary to accomplish insightful data interpretation for helping developers to process all the information in a consistently comparable way.&lt;/p&gt;
&lt;h2 id=&#34;result&#34;&gt;Result&lt;/h2&gt;
&lt;p&gt;We have provided our visualization tool to four developers who participated in our study. The developers had the independence of not choosing the visualization tool for careful inspection of the resultant dataset, but all of them found the visualization tool to be highly conducive for the exploration of the result set. We have also invited 4 of the undergrad students (who had the basic knowledge of machine learning and were paid for the tool-evaluation) to find out the perspective of fresh/new users. All of them reported that visualization tool to be robust and engaging. One of the student participants pointed out the lack of options presented in the topic modeling part, which we found to be true. Nevertheless, at the same time, the comprehensiveness, smooth interactability, aesthetic features, and user-friendliness of the tool was also highly commended. Before implementation, we have researched different ways to find a convenient and concise way of presenting the generated data so that developers could compare and utilize the extracted information with maximum efficiency. We have successfully delivered an interactive visualization tool that would be constructive and supportive for the developers who frequently analyze and inspect user feedbacks to identify energy efficiency issues.&lt;/p&gt;
</description>
    </item>
    
    <item>
      <title>Review-Viz</title>
      <link>/slides/review-viz/</link>
      <pubDate>Wed, 05 Aug 2020 00:00:00 +0000</pubDate>
      <guid>/slides/review-viz/</guid>
      <description>&lt;h2 id=&#34;reviewviz---assisting-developers-perform-empirical-study-on-energy-related-app-reviews&#34;&gt;ReviewViz - Assisting Developers Perform Empirical Study on Energy Related App Reviews&lt;/h2&gt;
&lt;p&gt;
&lt;a href=&#34;https://github.com/Mohammad-Abdul-Hadi/Result-Set-Visualization-d3js-R&#34; target=&#34;_blank&#34; rel=&#34;noopener&#34;&gt;Code&lt;/a&gt; | 
&lt;a href=&#34;https://arxiv.org/pdf/2009.06027&#34; target=&#34;_blank&#34; rel=&#34;noopener&#34;&gt;Paper&lt;/a&gt;&lt;/p&gt;
&lt;hr&gt;
&lt;h2 id=&#34;problem-statement&#34;&gt;Problem Statement&lt;/h2&gt;
&lt;ul&gt;
&lt;li&gt;A significant issue for app developers: Energy inefficiency&lt;/li&gt;
&lt;li&gt;No mechanism to track progress in a shared community&lt;/li&gt;
&lt;li&gt;No dedicated visualization platform&lt;/li&gt;
&lt;/ul&gt;
&lt;hr&gt;
&lt;h2 id=&#34;proposed-approach---reviewviz&#34;&gt;Proposed Approach - ReviewViz&lt;/h2&gt;
&lt;ul&gt;
&lt;li&gt;Interactive web-browser based Visualization Tool&lt;/li&gt;
&lt;li&gt;Helping developers to mine different features from user reviews&lt;/li&gt;
&lt;li&gt;Mechanism to track progress in a shared community&lt;/li&gt;
&lt;li&gt;Automatic Integration of updated result in dynamic-data structure&lt;/li&gt;
&lt;/ul&gt;
&lt;hr&gt;
&lt;h2 id=&#34;tool-architecture&#34;&gt;Tool Architecture&lt;/h2&gt;
&lt;p&gt;The architecture of the tool contains two main components. The components were structured based on two essential purposes:&lt;/p&gt;
&lt;ul&gt;
&lt;li&gt;Present the extensive outcome of classification techniques of the energy-related reviews and&lt;/li&gt;
&lt;li&gt;Demonstrate the outcome of topic modeling approaches to automatically discover underlying issues causing energy inefficiency.&lt;/li&gt;
&lt;/ul&gt;
&lt;hr&gt;
&lt;h2 id=&#34;observations&#34;&gt;Observations&lt;/h2&gt;
&lt;p&gt;We have provided our visualization tool to four developers who participated in our study. The developers had the independence of not choosing the visualization tool for careful inspection of the resultant dataset, but all of them found the visualization tool to be highly conducive for the exploration of the result set.&lt;/p&gt;
&lt;hr&gt;
&lt;p&gt;We have also invited 4 of the undergrad students (who had the basic knowledge of machine learning and were paid for the tool-evaluation) to find out the perspective of fresh/new users. All of them reported that visualization tool to be robust and engaging.&lt;/p&gt;
&lt;hr&gt;
&lt;p&gt;One of the student participants pointed out the lack of options presented in the topic modeling part, which we found to be true. Nevertheless, at the same time, the comprehensiveness, smooth interactability, aesthetic features, and user-friendliness of the tool was also highly commended.&lt;/p&gt;
&lt;hr&gt;
&lt;p&gt;Before implementation, we have researched different ways to find a convenient and concise way of presenting the generated data so that developers could compare and utilize the extracted information with maximum efficiency. We have successfully delivered an interactive visualization tool that would be constructive and supportive for the developers who frequently analyze and inspect user feedbacks to identify energy efficiency issues.&lt;/p&gt;
&lt;hr&gt;
&lt;h1 id=&#34;questions&#34;&gt;Questions?&lt;/h1&gt;
&lt;p&gt;
&lt;a href=&#34;https://twitter.com/mohammad_a_hadi&#34; target=&#34;_blank&#34; rel=&#34;noopener&#34;&gt;Ask&lt;/a&gt;&lt;/p&gt;
&lt;p&gt;
&lt;a href=&#34;https://youtu.be/GclzhsALRP8&#34; target=&#34;_blank&#34; rel=&#34;noopener&#34;&gt;Presentation&lt;/a&gt;&lt;/p&gt;
</description>
    </item>
    
    <item>
      <title>ReviewViz - Assisting Developers Perform Empirical Study on Energy Consumption Related Reviews for Mobile Applications</title>
      <link>/publication/review-viz/</link>
      <pubDate>Wed, 05 Aug 2020 00:00:00 +0000</pubDate>
      <guid>/publication/review-viz/</guid>
      <description></description>
    </item>
    
    <item>
      <title>Geo Spaial Data Visualization</title>
      <link>/project/geo-spatial-election-viz/</link>
      <pubDate>Wed, 12 Feb 2020 00:00:00 +0000</pubDate>
      <guid>/project/geo-spatial-election-viz/</guid>
      <description>&lt;h2 id=&#34;introduction&#34;&gt;Introduction&lt;/h2&gt;
&lt;p&gt;Open data published by various organizations is intended to make the data available to the public. All over the world, numerous organizations maintain a considerable number of open databases containing a lot of facts and numbers. However, most of them do not offer a concise and insightful data interpretation or visualization tool, which can help users to process all of the information in a consistently comparable way. Canadian Federal and Provincial Elections is an example of these databases. This information exists in numerous websites, as separate tables so that the user needs to traverse through a tree structure of scattered information on the site, and the user is left with the comparison, without providing proper tools, datainterpretation or visualizations.&lt;/p&gt;
&lt;p&gt;In this paper, we provide technical details of addressing this problem, by using the Canadian Elections data (since 1867) as a specific case study as it has numerous technical challenges. We hope that the methodology used here can help in developing similar tools to achieve some of the goals of publicly available datasets. The developed tool contains data visualization, trend analysis, and prediction components. The visualization enables the users to interact with the data through various techniques, including Geospatial visualization. To reproduce the results, we have open-sourced the tool.&lt;/p&gt;
&lt;h2 id=&#34;scraper&#34;&gt;Scraper&lt;/h2&gt;
&lt;p&gt;For this case study, we required to extract validated dataset of Canadian elections from different resources. The database developed by Dr. Anthony Sayers at the Department of Political Science at the University of Calgary is one of the most reliable, consistent, and accessible databases for Canadian elections. This is a web embedded database and can be accessed at: canadianelectionsdatabase.ca/
This database contains information on Canadian federal, provincial, and territorial elections since 1867 and is arranged by-election, party, candidate, and district.&lt;/p&gt;
&lt;p&gt;For our data extraction task, we separate the Canadian Election Database webpages into two categories. Static pages and Dynamic pages. The federal election part of the website loads static pages upon clicking on any of the link to a federal election. The loaded static page includes all the necessary information about the associated federal election.&lt;/p&gt;
&lt;p&gt;The Provincial election part of the website does not load static pages upon clicking on any of the link to a provincial election. Instead, browser send an AJAX request to the server and dynamically update the webpage with the information received from the server in the form of AJAX response.&lt;/p&gt;
&lt;p&gt;A challenge of working with this data is the lack of having a download option to retrieve and use this information (e.g., import to analysis tools). Therefore, we developed a scraper to scrape, extract necessary data, and store them in an appropriate format, to reduce further data cleaning and polishing effort. The extracted data is intended to be fed to the other two components of the tool. We have used 2 different scraper Python function to accommodate the extraction of election data by thoroughly crawling both static and dynamic pages.&lt;/p&gt;
&lt;ul&gt;
&lt;li&gt;
&lt;p&gt;For the first phase of the data extraction, we store all the election data into different csv file in our server. We have used Beautiful Soup to extract information from the static pages and store them.&lt;/p&gt;
&lt;/li&gt;
&lt;li&gt;
&lt;p&gt;In the second phase of data extraction, we retrieve the information from the dynamically loaded webpages for provincial elections. Our second scraper function sends an AJAX request with appropriate parameters to the websites’ server on behalf of the browser. Upon receiving the AJAX request, the server sends all the associated response in a JSON file format to our function. The scraper function unpacks the JSON file to retrieve and store all the information in our local-server like the right-hand image.&lt;/p&gt;
&lt;/li&gt;
&lt;/ul&gt;
&lt;h2 id=&#34;geo-spatial-data-visualization&#34;&gt;Geo-Spatial Data Visualization&lt;/h2&gt;
&lt;p&gt;In the second component of the tool, we have generated Geo-spatial map using R script. We needed get the actual map data with longitude and latitude information. In the case of Canada, central statistics agency provided map shape files that we could use. The Shape File format (.shp) is the most widely-used standard for maps. We grabbed the files to convert them to a format the tidyverse library can use.&lt;/p&gt;
&lt;h2 id=&#34;conclusion&#34;&gt;Conclusion&lt;/h2&gt;
&lt;p&gt;Open data is meant to be used by the public and provide data-driven decisions. However, visualization tools are required to make the data interpretable. One of the other challenges to provide the analysis and visualization tools for open data is the different formats of the data that are published by various parties in separate databases. In this paper, we provided architecture and the technical details of an open-source tool that we developed for collecting data, and visualizing and analyzing information. Although the tool is developed explicitly for Canadian Election data, the technical details and the approach can be used by researchers from various fields and developers to address the issue of open data, such as having separate databases with no interpretation tool&lt;/p&gt;
</description>
    </item>
    
    <item>
      <title>Geo Spaial Data Visualization</title>
      <link>/slides/geo-spatial-election-viz/</link>
      <pubDate>Wed, 12 Feb 2020 00:00:00 +0000</pubDate>
      <guid>/slides/geo-spatial-election-viz/</guid>
      <description>&lt;h1 id=&#34;geo-spaial-data-visualization&#34;&gt;Geo Spaial Data Visualization&lt;/h1&gt;
&lt;h3 id=&#34;and-critical-metrics-predictions-for-canadian-elections&#34;&gt;and Critical Metrics Predictions for Canadian Elections&lt;/h3&gt;
&lt;p&gt;
&lt;a href=&#34;https://github.com/Mohammad-Abdul-Hadi/scraper-for-canadianelectionsdatabase.ca&#34; target=&#34;_blank&#34; rel=&#34;noopener&#34;&gt;Code&lt;/a&gt; | 
&lt;a href=&#34;https://arxiv.org/pdf/2009.05936.pdf&#34; target=&#34;_blank&#34; rel=&#34;noopener&#34;&gt;Paper&lt;/a&gt;&lt;/p&gt;
&lt;hr&gt;
&lt;h2 id=&#34;problem-statement&#34;&gt;Problem Statement&lt;/h2&gt;
&lt;ul&gt;
&lt;li&gt;Abundance of open-source election databases&lt;/li&gt;
&lt;li&gt;Lack of concise and insightful data interpretation tools&lt;/li&gt;
&lt;li&gt;User Inability to process information in a consistently comparable way&lt;/li&gt;
&lt;/ul&gt;
&lt;hr&gt;
&lt;h2 id=&#34;proposed-solution&#34;&gt;Proposed Solution&lt;/h2&gt;
&lt;p&gt;We proposed a data interpretation tool with following components:&lt;/p&gt;
&lt;ul&gt;
&lt;li&gt;Data Visualization&lt;/li&gt;
&lt;li&gt;Trend Analysis&lt;/li&gt;
&lt;li&gt;Prediction&lt;/li&gt;
&lt;/ul&gt;
&lt;hr&gt;
&lt;h2 id=&#34;challenges&#34;&gt;Challenges&lt;/h2&gt;
&lt;p&gt;For this case study, we required to extract validated dataset of Canadian elections from different resources. The database developed by Dr. Anthony Sayers at the Department of Political Science at the University of Calgary is one of the most reliable, consistent, and accessible databases for Canadian elections.&lt;/p&gt;
&lt;hr&gt;
&lt;ul&gt;
&lt;li&gt;No direct access to the election-dataset.&lt;/li&gt;
&lt;li&gt;No uniform method to retrieve the data from server&lt;/li&gt;
&lt;/ul&gt;
&lt;hr&gt;
&lt;h2 id=&#34;component-scraper&#34;&gt;Component: Scraper&lt;/h2&gt;
&lt;p&gt;For our data extraction task, we separate the Canadian Election Database webpages into two categories.&lt;/p&gt;
&lt;ul&gt;
&lt;li&gt;Static pages and&lt;/li&gt;
&lt;li&gt;Dynamic pages.&lt;/li&gt;
&lt;/ul&gt;
&lt;hr&gt;
&lt;ul&gt;
&lt;li&gt;The federal election part of the website loads static pages upon clicking on any of the link to a federal election.&lt;/li&gt;
&lt;li&gt;The Provincial election part of the website makes the browser send an AJAX request to the server and dynamically update the webpage with the information received.&lt;/li&gt;
&lt;/ul&gt;
&lt;hr&gt;
&lt;ul&gt;
&lt;li&gt;For the first phase of the data extraction, we store all the election data into different csv file in our server. We have used Beautiful Soup to extract information from the static pages and store them.&lt;/li&gt;
&lt;/ul&gt;
&lt;hr&gt;
&lt;ul&gt;
&lt;li&gt;In the second phase of data extraction, we retrieve the information from the dynamically loaded webpages for provincial elections. Our second scraper function sends an AJAX request with appropriate parameters to the websites’ server on behalf of the browser. Upon receiving the AJAX request, the server sends all the associated response in a JSON file format to our function.&lt;/li&gt;
&lt;/ul&gt;
&lt;hr&gt;
&lt;h2 id=&#34;component-geo-spatial-visualization&#34;&gt;Component: Geo-Spatial Visualization&lt;/h2&gt;
&lt;p&gt;In the second component of the tool, we have generated Geo-spatial map using R script. We needed get the actual map data with longitude and latitude information. In the case of Canada, central statistics agency provided map shape files that we could use. The Shape File format (.shp) is the most widely-used standard for maps.&lt;/p&gt;
&lt;hr&gt;
&lt;h2 id=&#34;conclusion&#34;&gt;Conclusion&lt;/h2&gt;
&lt;p&gt;Open data is meant to be used by the public and provide data-driven decisions. However, visualization tools are required to make the data interpretable.&lt;/p&gt;
&lt;hr&gt;
&lt;p&gt;One of the other challenges to provide the analysis and visualization tools for open data is the different formats of the data that are published by various parties in separate databases.&lt;/p&gt;
&lt;hr&gt;
&lt;p&gt;In this paper, we provided architecture and the technical details of an open-source tool that we developed for collecting data, and visualizing and analyzing information.&lt;/p&gt;
&lt;hr&gt;
&lt;p&gt;Although the tool is developed explicitly for Canadian Election data, the technical details and the approach can be used by researchers from various fields and developers to address the issue of open data, such as having separate databases with no interpretation tool&lt;/p&gt;
&lt;hr&gt;
&lt;h1 id=&#34;questions&#34;&gt;Questions?&lt;/h1&gt;
&lt;p&gt;
&lt;a href=&#34;https://twitter.com/mohammad_a_hadi&#34; target=&#34;_blank&#34; rel=&#34;noopener&#34;&gt;Ask&lt;/a&gt;&lt;/p&gt;
&lt;p&gt;
&lt;a href=&#34;https://youtu.be/3OyHh4OqWRI&#34; target=&#34;_blank&#34; rel=&#34;noopener&#34;&gt;Presentation&lt;/a&gt;&lt;/p&gt;
</description>
    </item>
    
    <item>
      <title>Geo-Spatial Data Visualization and Critical Metrics Predictions for Canadian Elections</title>
      <link>/publication/geo-spatial-election-viz/</link>
      <pubDate>Wed, 12 Feb 2020 00:00:00 +0000</pubDate>
      <guid>/publication/geo-spatial-election-viz/</guid>
      <description></description>
    </item>
    
    <item>
      <title>Writing technical content in Academic</title>
      <link>/post/writing-technical-content/</link>
      <pubDate>Fri, 12 Jul 2019 00:00:00 +0000</pubDate>
      <guid>/post/writing-technical-content/</guid>
      <description>&lt;p&gt;Academic is designed to give technical content creators a seamless experience. You can focus on the content and Academic handles the rest.&lt;/p&gt;
&lt;p&gt;&lt;strong&gt;Highlight your code snippets, take notes on math classes, and draw diagrams from textual representation.&lt;/strong&gt;&lt;/p&gt;
&lt;p&gt;On this page, you&amp;rsquo;ll find some examples of the types of technical content that can be rendered with Academic.&lt;/p&gt;
&lt;h2 id=&#34;examples&#34;&gt;Examples&lt;/h2&gt;
&lt;h3 id=&#34;code&#34;&gt;Code&lt;/h3&gt;
&lt;p&gt;Academic supports a Markdown extension for highlighting code syntax. You can enable this feature by toggling the &lt;code&gt;highlight&lt;/code&gt; option in your &lt;code&gt;config/_default/params.toml&lt;/code&gt; file.&lt;/p&gt;
&lt;pre&gt;&lt;code&gt;```python
import pandas as pd
data = pd.read_csv(&amp;quot;data.csv&amp;quot;)
data.head()
```
&lt;/code&gt;&lt;/pre&gt;
&lt;p&gt;renders as&lt;/p&gt;
&lt;pre&gt;&lt;code class=&#34;language-python&#34;&gt;import pandas as pd
data = pd.read_csv(&amp;quot;data.csv&amp;quot;)
data.head()
&lt;/code&gt;&lt;/pre&gt;
&lt;h3 id=&#34;math&#34;&gt;Math&lt;/h3&gt;
&lt;p&gt;Academic supports a Markdown extension for $\LaTeX$ math. You can enable this feature by toggling the &lt;code&gt;math&lt;/code&gt; option in your &lt;code&gt;config/_default/params.toml&lt;/code&gt; file.&lt;/p&gt;
&lt;p&gt;To render &lt;em&gt;inline&lt;/em&gt; or &lt;em&gt;block&lt;/em&gt; math, wrap your LaTeX math with &lt;code&gt;$...$&lt;/code&gt; or &lt;code&gt;$$...$$&lt;/code&gt;, respectively.&lt;/p&gt;
&lt;p&gt;Example &lt;strong&gt;math block&lt;/strong&gt;:&lt;/p&gt;
&lt;pre&gt;&lt;code class=&#34;language-tex&#34;&gt;$$\gamma_{n} = \frac{ 
\left | \left (\mathbf x_{n} - \mathbf x_{n-1} \right )^T 
\left [\nabla F (\mathbf x_{n}) - \nabla F (\mathbf x_{n-1}) \right ] \right |}
{\left \|\nabla F(\mathbf{x}_{n}) - \nabla F(\mathbf{x}_{n-1}) \right \|^2}$$
&lt;/code&gt;&lt;/pre&gt;
&lt;p&gt;renders as&lt;/p&gt;
&lt;p&gt;$$\gamma_{n} = \frac{ \left | \left (\mathbf x_{n} - \mathbf x_{n-1} \right )^T \left [\nabla F (\mathbf x_{n}) - \nabla F (\mathbf x_{n-1}) \right ] \right |}{\left |\nabla F(\mathbf{x}_{n}) - \nabla F(\mathbf{x}_{n-1}) \right |^2}$$&lt;/p&gt;
&lt;p&gt;Example &lt;strong&gt;inline math&lt;/strong&gt; &lt;code&gt;$\nabla F(\mathbf{x}_{n})$&lt;/code&gt; renders as $\nabla F(\mathbf{x}_{n})$.&lt;/p&gt;
&lt;p&gt;Example &lt;strong&gt;multi-line math&lt;/strong&gt; using the &lt;code&gt;\\\\&lt;/code&gt; math linebreak:&lt;/p&gt;
&lt;pre&gt;&lt;code class=&#34;language-tex&#34;&gt;$$f(k;p_0^*) = \begin{cases} p_0^* &amp;amp; \text{if }k=1, \\\\
1-p_0^* &amp;amp; \text {if }k=0.\end{cases}$$
&lt;/code&gt;&lt;/pre&gt;
&lt;p&gt;renders as&lt;/p&gt;
&lt;p&gt;$$f(k;p_0^*) = \begin{cases} p_0^* &amp;amp; \text{if }k=1, \\&lt;br&gt;
1-p_0^* &amp;amp; \text {if }k=0.\end{cases}$$&lt;/p&gt;
&lt;h3 id=&#34;diagrams&#34;&gt;Diagrams&lt;/h3&gt;
&lt;p&gt;Academic supports a Markdown extension for diagrams. You can enable this feature by toggling the &lt;code&gt;diagram&lt;/code&gt; option in your &lt;code&gt;config/_default/params.toml&lt;/code&gt; file or by adding &lt;code&gt;diagram: true&lt;/code&gt; to your page front matter.&lt;/p&gt;
&lt;p&gt;An example &lt;strong&gt;flowchart&lt;/strong&gt;:&lt;/p&gt;
&lt;pre&gt;&lt;code&gt;```mermaid
graph TD
A[Hard] --&amp;gt;|Text| B(Round)
B --&amp;gt; C{Decision}
C --&amp;gt;|One| D[Result 1]
C --&amp;gt;|Two| E[Result 2]
```
&lt;/code&gt;&lt;/pre&gt;
&lt;p&gt;renders as&lt;/p&gt;
&lt;pre&gt;&lt;code class=&#34;language-mermaid&#34;&gt;graph TD
A[Hard] --&amp;gt;|Text| B(Round)
B --&amp;gt; C{Decision}
C --&amp;gt;|One| D[Result 1]
C --&amp;gt;|Two| E[Result 2]
&lt;/code&gt;&lt;/pre&gt;
&lt;p&gt;An example &lt;strong&gt;sequence diagram&lt;/strong&gt;:&lt;/p&gt;
&lt;pre&gt;&lt;code&gt;```mermaid
sequenceDiagram
Alice-&amp;gt;&amp;gt;John: Hello John, how are you?
loop Healthcheck
    John-&amp;gt;&amp;gt;John: Fight against hypochondria
end
Note right of John: Rational thoughts!
John--&amp;gt;&amp;gt;Alice: Great!
John-&amp;gt;&amp;gt;Bob: How about you?
Bob--&amp;gt;&amp;gt;John: Jolly good!
```
&lt;/code&gt;&lt;/pre&gt;
&lt;p&gt;renders as&lt;/p&gt;
&lt;pre&gt;&lt;code class=&#34;language-mermaid&#34;&gt;sequenceDiagram
Alice-&amp;gt;&amp;gt;John: Hello John, how are you?
loop Healthcheck
    John-&amp;gt;&amp;gt;John: Fight against hypochondria
end
Note right of John: Rational thoughts!
John--&amp;gt;&amp;gt;Alice: Great!
John-&amp;gt;&amp;gt;Bob: How about you?
Bob--&amp;gt;&amp;gt;John: Jolly good!
&lt;/code&gt;&lt;/pre&gt;
&lt;p&gt;An example &lt;strong&gt;Gantt diagram&lt;/strong&gt;:&lt;/p&gt;
&lt;pre&gt;&lt;code&gt;```mermaid
gantt
section Section
Completed :done,    des1, 2014-01-06,2014-01-08
Active        :active,  des2, 2014-01-07, 3d
Parallel 1   :         des3, after des1, 1d
Parallel 2   :         des4, after des1, 1d
Parallel 3   :         des5, after des3, 1d
Parallel 4   :         des6, after des4, 1d
```
&lt;/code&gt;&lt;/pre&gt;
&lt;p&gt;renders as&lt;/p&gt;
&lt;pre&gt;&lt;code class=&#34;language-mermaid&#34;&gt;gantt
section Section
Completed :done,    des1, 2014-01-06,2014-01-08
Active        :active,  des2, 2014-01-07, 3d
Parallel 1   :         des3, after des1, 1d
Parallel 2   :         des4, after des1, 1d
Parallel 3   :         des5, after des3, 1d
Parallel 4   :         des6, after des4, 1d
&lt;/code&gt;&lt;/pre&gt;
&lt;p&gt;An example &lt;strong&gt;class diagram&lt;/strong&gt;:&lt;/p&gt;
&lt;pre&gt;&lt;code&gt;```mermaid
classDiagram
Class01 &amp;lt;|-- AveryLongClass : Cool
&amp;lt;&amp;lt;interface&amp;gt;&amp;gt; Class01
Class09 --&amp;gt; C2 : Where am i?
Class09 --* C3
Class09 --|&amp;gt; Class07
Class07 : equals()
Class07 : Object[] elementData
Class01 : size()
Class01 : int chimp
Class01 : int gorilla
class Class10 {
  &amp;lt;&amp;lt;service&amp;gt;&amp;gt;
  int id
  size()
}
```
&lt;/code&gt;&lt;/pre&gt;
&lt;p&gt;renders as&lt;/p&gt;
&lt;pre&gt;&lt;code class=&#34;language-mermaid&#34;&gt;classDiagram
Class01 &amp;lt;|-- AveryLongClass : Cool
&amp;lt;&amp;lt;interface&amp;gt;&amp;gt; Class01
Class09 --&amp;gt; C2 : Where am i?
Class09 --* C3
Class09 --|&amp;gt; Class07
Class07 : equals()
Class07 : Object[] elementData
Class01 : size()
Class01 : int chimp
Class01 : int gorilla
class Class10 {
  &amp;lt;&amp;lt;service&amp;gt;&amp;gt;
  int id
  size()
}
&lt;/code&gt;&lt;/pre&gt;
&lt;p&gt;An example &lt;strong&gt;state diagram&lt;/strong&gt;:&lt;/p&gt;
&lt;pre&gt;&lt;code&gt;```mermaid
stateDiagram
[*] --&amp;gt; Still
Still --&amp;gt; [*]
Still --&amp;gt; Moving
Moving --&amp;gt; Still
Moving --&amp;gt; Crash
Crash --&amp;gt; [*]
```
&lt;/code&gt;&lt;/pre&gt;
&lt;p&gt;renders as&lt;/p&gt;
&lt;pre&gt;&lt;code class=&#34;language-mermaid&#34;&gt;stateDiagram
[*] --&amp;gt; Still
Still --&amp;gt; [*]
Still --&amp;gt; Moving
Moving --&amp;gt; Still
Moving --&amp;gt; Crash
Crash --&amp;gt; [*]
&lt;/code&gt;&lt;/pre&gt;
&lt;h3 id=&#34;todo-lists&#34;&gt;Todo lists&lt;/h3&gt;
&lt;p&gt;You can even write your todo lists in Academic too:&lt;/p&gt;
&lt;pre&gt;&lt;code class=&#34;language-markdown&#34;&gt;- [x] Write math example
- [x] Write diagram example
- [ ] Do something else
&lt;/code&gt;&lt;/pre&gt;
&lt;p&gt;renders as&lt;/p&gt;
&lt;ul&gt;
&lt;li&gt;&lt;input checked=&#34;&#34; disabled=&#34;&#34; type=&#34;checkbox&#34;&gt; Write math example&lt;/li&gt;
&lt;li&gt;&lt;input checked=&#34;&#34; disabled=&#34;&#34; type=&#34;checkbox&#34;&gt; Write diagram example&lt;/li&gt;
&lt;li&gt;&lt;input disabled=&#34;&#34; type=&#34;checkbox&#34;&gt; Do something else&lt;/li&gt;
&lt;/ul&gt;
&lt;h3 id=&#34;tables&#34;&gt;Tables&lt;/h3&gt;
&lt;p&gt;Represent your data in tables:&lt;/p&gt;
&lt;pre&gt;&lt;code class=&#34;language-markdown&#34;&gt;| First Header  | Second Header |
| ------------- | ------------- |
| Content Cell  | Content Cell  |
| Content Cell  | Content Cell  |
&lt;/code&gt;&lt;/pre&gt;
&lt;p&gt;renders as&lt;/p&gt;
&lt;table&gt;
&lt;thead&gt;
&lt;tr&gt;
&lt;th&gt;First Header&lt;/th&gt;
&lt;th&gt;Second Header&lt;/th&gt;
&lt;/tr&gt;
&lt;/thead&gt;
&lt;tbody&gt;
&lt;tr&gt;
&lt;td&gt;Content Cell&lt;/td&gt;
&lt;td&gt;Content Cell&lt;/td&gt;
&lt;/tr&gt;
&lt;tr&gt;
&lt;td&gt;Content Cell&lt;/td&gt;
&lt;td&gt;Content Cell&lt;/td&gt;
&lt;/tr&gt;
&lt;/tbody&gt;
&lt;/table&gt;
&lt;h3 id=&#34;asides&#34;&gt;Asides&lt;/h3&gt;
&lt;p&gt;Academic supports a 
&lt;a href=&#34;https://sourcethemes.com/academic/docs/writing-markdown-latex/#alerts&#34; target=&#34;_blank&#34; rel=&#34;noopener&#34;&gt;shortcode for asides&lt;/a&gt;, also referred to as &lt;em&gt;notices&lt;/em&gt;, &lt;em&gt;hints&lt;/em&gt;, or &lt;em&gt;alerts&lt;/em&gt;. By wrapping a paragraph in &lt;code&gt;{{% alert note %}} ... {{% /alert %}}&lt;/code&gt;, it will render as an aside.&lt;/p&gt;
&lt;pre&gt;&lt;code class=&#34;language-markdown&#34;&gt;{{% alert note %}}
A Markdown aside is useful for displaying notices, hints, or definitions to your readers.
{{% /alert %}}
&lt;/code&gt;&lt;/pre&gt;
&lt;p&gt;renders as&lt;/p&gt;
&lt;div class=&#34;alert alert-note&#34;&gt;
  &lt;div&gt;
    A Markdown aside is useful for displaying notices, hints, or definitions to your readers.
  &lt;/div&gt;
&lt;/div&gt;
&lt;h3 id=&#34;spoilers&#34;&gt;Spoilers&lt;/h3&gt;
&lt;p&gt;Add a spoiler to a page to reveal text, such as an answer to a question, after a button is clicked.&lt;/p&gt;
&lt;pre&gt;&lt;code class=&#34;language-markdown&#34;&gt;{{&amp;lt; spoiler text=&amp;quot;Click to view the spoiler&amp;quot; &amp;gt;}}
You found me!
{{&amp;lt; /spoiler &amp;gt;}}
&lt;/code&gt;&lt;/pre&gt;
&lt;p&gt;renders as&lt;/p&gt;
&lt;div class=&#34;spoiler &#34; &gt;
  &lt;p&gt;
    &lt;a class=&#34;btn btn-primary&#34; data-toggle=&#34;collapse&#34; href=&#34;#spoiler-1&#34; role=&#34;button&#34; aria-expanded=&#34;false&#34; aria-controls=&#34;spoiler-1&#34;&gt;
      Click to view the spoiler
    &lt;/a&gt;
  &lt;/p&gt;
  &lt;div class=&#34;collapse card &#34; id=&#34;spoiler-1&#34;&gt;
    &lt;div class=&#34;card-body&#34;&gt;
      You found me!
    &lt;/div&gt;
  &lt;/div&gt;
&lt;/div&gt;
&lt;h3 id=&#34;icons&#34;&gt;Icons&lt;/h3&gt;
&lt;p&gt;Academic enables you to use a wide range of 
&lt;a href=&#34;https://sourcethemes.com/academic/docs/page-builder/#icons&#34; target=&#34;_blank&#34; rel=&#34;noopener&#34;&gt;icons from &lt;em&gt;Font Awesome&lt;/em&gt; and &lt;em&gt;Academicons&lt;/em&gt;&lt;/a&gt; in addition to 
&lt;a href=&#34;https://sourcethemes.com/academic/docs/writing-markdown-latex/#emojis&#34; target=&#34;_blank&#34; rel=&#34;noopener&#34;&gt;emojis&lt;/a&gt;.&lt;/p&gt;
&lt;p&gt;Here are some examples using the &lt;code&gt;icon&lt;/code&gt; shortcode to render icons:&lt;/p&gt;
&lt;pre&gt;&lt;code class=&#34;language-markdown&#34;&gt;{{&amp;lt; icon name=&amp;quot;terminal&amp;quot; pack=&amp;quot;fas&amp;quot; &amp;gt;}} Terminal  
{{&amp;lt; icon name=&amp;quot;python&amp;quot; pack=&amp;quot;fab&amp;quot; &amp;gt;}} Python  
{{&amp;lt; icon name=&amp;quot;r-project&amp;quot; pack=&amp;quot;fab&amp;quot; &amp;gt;}} R
&lt;/code&gt;&lt;/pre&gt;
&lt;p&gt;renders as&lt;/p&gt;
&lt;p&gt;
  &lt;i class=&#34;fas fa-terminal  pr-1 fa-fw&#34;&gt;&lt;/i&gt; Terminal&lt;br&gt;

  &lt;i class=&#34;fab fa-python  pr-1 fa-fw&#34;&gt;&lt;/i&gt; Python&lt;br&gt;

  &lt;i class=&#34;fab fa-r-project  pr-1 fa-fw&#34;&gt;&lt;/i&gt; R&lt;/p&gt;
&lt;h3 id=&#34;did-you-find-this-page-helpful-consider-sharing-it-&#34;&gt;Did you find this page helpful? Consider sharing it 🙌&lt;/h3&gt;
</description>
    </item>
    
    <item>
      <title>Display Jupyter Notebooks with Academic</title>
      <link>/post/jupyter/</link>
      <pubDate>Tue, 05 Feb 2019 00:00:00 +0000</pubDate>
      <guid>/post/jupyter/</guid>
      <description>&lt;pre&gt;&lt;code class=&#34;language-python&#34;&gt;from IPython.core.display import Image
Image(&#39;https://www.python.org/static/community_logos/python-logo-master-v3-TM-flattened.png&#39;)
&lt;/code&gt;&lt;/pre&gt;
&lt;p&gt;&lt;img src=&#34;./index_1_0.png&#34; alt=&#34;png&#34;&gt;&lt;/p&gt;
&lt;pre&gt;&lt;code class=&#34;language-python&#34;&gt;print(&amp;quot;Welcome to Academic!&amp;quot;)
&lt;/code&gt;&lt;/pre&gt;
&lt;pre&gt;&lt;code&gt;Welcome to Academic!
&lt;/code&gt;&lt;/pre&gt;
&lt;h2 id=&#34;install-python-and-jupyterlab&#34;&gt;Install Python and JupyterLab&lt;/h2&gt;
&lt;p&gt;
&lt;a href=&#34;https://www.anaconda.com/distribution/#download-section&#34; target=&#34;_blank&#34; rel=&#34;noopener&#34;&gt;Install Anaconda&lt;/a&gt; which includes Python 3 and JupyterLab.&lt;/p&gt;
&lt;p&gt;Alternatively, install JupyterLab with &lt;code&gt;pip3 install jupyterlab&lt;/code&gt;.&lt;/p&gt;
&lt;h2 id=&#34;create-or-upload-a-jupyter-notebook&#34;&gt;Create or upload a Jupyter notebook&lt;/h2&gt;
&lt;p&gt;Run the following commands in your Terminal, substituting &lt;code&gt;&amp;lt;MY-WEBSITE-FOLDER&amp;gt;&lt;/code&gt; and &lt;code&gt;&amp;lt;SHORT-POST-TITLE&amp;gt;&lt;/code&gt; with the file path to your Academic website folder and a short title for your blog post (use hyphens instead of spaces), respectively:&lt;/p&gt;
&lt;pre&gt;&lt;code class=&#34;language-bash&#34;&gt;mkdir -p &amp;lt;MY-WEBSITE-FOLDER&amp;gt;/content/post/&amp;lt;SHORT-POST-TITLE&amp;gt;/
cd &amp;lt;MY-WEBSITE-FOLDER&amp;gt;/content/post/&amp;lt;SHORT-POST-TITLE&amp;gt;/
jupyter lab index.ipynb
&lt;/code&gt;&lt;/pre&gt;
&lt;p&gt;The &lt;code&gt;jupyter&lt;/code&gt; command above will launch the JupyterLab editor, allowing us to add Academic metadata and write the content.&lt;/p&gt;
&lt;h2 id=&#34;edit-your-post-metadata&#34;&gt;Edit your post metadata&lt;/h2&gt;
&lt;p&gt;The first cell of your Jupter notebook will contain your post metadata (
&lt;a href=&#34;https://sourcethemes.com/academic/docs/front-matter/&#34; target=&#34;_blank&#34; rel=&#34;noopener&#34;&gt;front matter&lt;/a&gt;).&lt;/p&gt;
&lt;p&gt;In Jupter, choose &lt;em&gt;Markdown&lt;/em&gt; as the type of the first cell and wrap your Academic metadata in three dashes, indicating that it is YAML front matter:&lt;/p&gt;
&lt;pre&gt;&lt;code&gt;---
title: My post&#39;s title
date: 2019-09-01

# Put any other Academic metadata here...
---
&lt;/code&gt;&lt;/pre&gt;
&lt;p&gt;Edit the metadata of your post, using the 
&lt;a href=&#34;https://sourcethemes.com/academic/docs/managing-content&#34; target=&#34;_blank&#34; rel=&#34;noopener&#34;&gt;documentation&lt;/a&gt; as a guide to the available options.&lt;/p&gt;
&lt;p&gt;To set a 
&lt;a href=&#34;https://sourcethemes.com/academic/docs/managing-content/#featured-image&#34; target=&#34;_blank&#34; rel=&#34;noopener&#34;&gt;featured image&lt;/a&gt;, place an image named &lt;code&gt;featured&lt;/code&gt; into your post&amp;rsquo;s folder.&lt;/p&gt;
&lt;p&gt;For other tips, such as using math, see the guide on 
&lt;a href=&#34;https://sourcethemes.com/academic/docs/writing-markdown-latex/&#34; target=&#34;_blank&#34; rel=&#34;noopener&#34;&gt;writing content with Academic&lt;/a&gt;.&lt;/p&gt;
&lt;h2 id=&#34;convert-notebook-to-markdown&#34;&gt;Convert notebook to Markdown&lt;/h2&gt;
&lt;pre&gt;&lt;code class=&#34;language-bash&#34;&gt;jupyter nbconvert index.ipynb --to markdown --NbConvertApp.output_files_dir=.
&lt;/code&gt;&lt;/pre&gt;
&lt;h2 id=&#34;example&#34;&gt;Example&lt;/h2&gt;
&lt;p&gt;This post was created with Jupyter. The orginal files can be found at &lt;a href=&#34;https://github.com/gcushen/hugo-academic/tree/master/exampleSite/content/post/jupyter&#34;&gt;https://github.com/gcushen/hugo-academic/tree/master/exampleSite/content/post/jupyter&lt;/a&gt;&lt;/p&gt;
</description>
    </item>
    
    <item>
      <title>Privacy Policy</title>
      <link>/privacy/</link>
      <pubDate>Thu, 28 Jun 2018 00:00:00 +0100</pubDate>
      <guid>/privacy/</guid>
      <description>&lt;p&gt;&amp;hellip;&lt;/p&gt;
</description>
    </item>
    
    <item>
      <title>Terms</title>
      <link>/terms/</link>
      <pubDate>Thu, 28 Jun 2018 00:00:00 +0100</pubDate>
      <guid>/terms/</guid>
      <description>&lt;p&gt;&amp;hellip;&lt;/p&gt;
</description>
    </item>
    
    <item>
      <title>Academic: the website builder for Hugo</title>
      <link>/post/getting-started/</link>
      <pubDate>Wed, 20 Apr 2016 00:00:00 +0000</pubDate>
      <guid>/post/getting-started/</guid>
      <description>&lt;p&gt;&lt;strong&gt;Create a free website with Academic using Markdown, Jupyter, or RStudio. Choose a beautiful color theme and build anything with the Page Builder - over 40 &lt;em&gt;widgets&lt;/em&gt;, &lt;em&gt;themes&lt;/em&gt;, and &lt;em&gt;language packs&lt;/em&gt; included!&lt;/strong&gt;&lt;/p&gt;
&lt;p&gt;
&lt;a href=&#34;https://academic-demo.netlify.com/&#34; target=&#34;_blank&#34; rel=&#34;noopener&#34;&gt;Check out the latest &lt;strong&gt;demo&lt;/strong&gt;&lt;/a&gt; of what you&amp;rsquo;ll get in less than 10 minutes, or 
&lt;a href=&#34;https://sourcethemes.com/academic/#expo&#34; target=&#34;_blank&#34; rel=&#34;noopener&#34;&gt;view the &lt;strong&gt;showcase&lt;/strong&gt;&lt;/a&gt; of personal, project, and business sites.&lt;/p&gt;
&lt;ul&gt;
&lt;li&gt;👉 
&lt;a href=&#34;#install&#34;&gt;&lt;strong&gt;Get Started&lt;/strong&gt;&lt;/a&gt;&lt;/li&gt;
&lt;li&gt;📚 
&lt;a href=&#34;https://sourcethemes.com/academic/docs/&#34; target=&#34;_blank&#34; rel=&#34;noopener&#34;&gt;View the &lt;strong&gt;documentation&lt;/strong&gt;&lt;/a&gt;&lt;/li&gt;
&lt;li&gt;💬 
&lt;a href=&#34;https://discourse.gohugo.io&#34; target=&#34;_blank&#34; rel=&#34;noopener&#34;&gt;&lt;strong&gt;Ask a question&lt;/strong&gt; on the forum&lt;/a&gt;&lt;/li&gt;
&lt;li&gt;👥 
&lt;a href=&#34;https://spectrum.chat/academic&#34; target=&#34;_blank&#34; rel=&#34;noopener&#34;&gt;Chat with the &lt;strong&gt;community&lt;/strong&gt;&lt;/a&gt;&lt;/li&gt;
&lt;li&gt;🐦 Twitter: 
&lt;a href=&#34;https://twitter.com/source_themes&#34; target=&#34;_blank&#34; rel=&#34;noopener&#34;&gt;@source_themes&lt;/a&gt; 
&lt;a href=&#34;https://twitter.com/GeorgeCushen&#34; target=&#34;_blank&#34; rel=&#34;noopener&#34;&gt;@GeorgeCushen&lt;/a&gt; 
&lt;a href=&#34;https://twitter.com/search?q=%23MadeWithAcademic&amp;amp;src=typd&#34; target=&#34;_blank&#34; rel=&#34;noopener&#34;&gt;#MadeWithAcademic&lt;/a&gt;&lt;/li&gt;
&lt;li&gt;💡 
&lt;a href=&#34;https://github.com/gcushen/hugo-academic/issues&#34; target=&#34;_blank&#34; rel=&#34;noopener&#34;&gt;Request a &lt;strong&gt;feature&lt;/strong&gt; or report a &lt;strong&gt;bug&lt;/strong&gt;&lt;/a&gt;&lt;/li&gt;
&lt;li&gt;⬆️ &lt;strong&gt;Updating?&lt;/strong&gt; View the 
&lt;a href=&#34;https://sourcethemes.com/academic/docs/update/&#34; target=&#34;_blank&#34; rel=&#34;noopener&#34;&gt;Update Guide&lt;/a&gt; and 
&lt;a href=&#34;https://sourcethemes.com/academic/updates/&#34; target=&#34;_blank&#34; rel=&#34;noopener&#34;&gt;Release Notes&lt;/a&gt;&lt;/li&gt;
&lt;li&gt;❤️ &lt;strong&gt;Support development&lt;/strong&gt; of Academic:
&lt;ul&gt;
&lt;li&gt;☕️ 
&lt;a href=&#34;https://paypal.me/cushen&#34; target=&#34;_blank&#34; rel=&#34;noopener&#34;&gt;&lt;strong&gt;Donate a coffee&lt;/strong&gt;&lt;/a&gt;&lt;/li&gt;
&lt;li&gt;💵 
&lt;a href=&#34;https://www.patreon.com/cushen&#34; target=&#34;_blank&#34; rel=&#34;noopener&#34;&gt;Become a backer on &lt;strong&gt;Patreon&lt;/strong&gt;&lt;/a&gt;&lt;/li&gt;
&lt;li&gt;🖼️ 
&lt;a href=&#34;https://www.redbubble.com/people/neutreno/works/34387919-academic&#34; target=&#34;_blank&#34; rel=&#34;noopener&#34;&gt;Decorate your laptop or journal with an Academic &lt;strong&gt;sticker&lt;/strong&gt;&lt;/a&gt;&lt;/li&gt;
&lt;li&gt;👕 
&lt;a href=&#34;https://academic.threadless.com/&#34; target=&#34;_blank&#34; rel=&#34;noopener&#34;&gt;Wear the &lt;strong&gt;T-shirt&lt;/strong&gt;&lt;/a&gt;&lt;/li&gt;
&lt;li&gt;👩‍💻 
&lt;a href=&#34;https://sourcethemes.com/academic/docs/contribute/&#34; target=&#34;_blank&#34; rel=&#34;noopener&#34;&gt;&lt;strong&gt;Contribute&lt;/strong&gt;&lt;/a&gt;&lt;/li&gt;
&lt;/ul&gt;
&lt;/li&gt;
&lt;/ul&gt;















&lt;figure id=&#34;figure-academic-is-mobile-first-with-a-responsive-design-to-ensure-that-your-site-looks-stunning-on-every-device&#34;&gt;


  &lt;a data-fancybox=&#34;&#34; href=&#34;https://raw.githubusercontent.com/gcushen/hugo-academic/master/academic.png&#34; data-caption=&#34;Academic is mobile first with a responsive design to ensure that your site looks stunning on every device.&#34;&gt;


  &lt;img src=&#34;https://raw.githubusercontent.com/gcushen/hugo-academic/master/academic.png&#34; alt=&#34;&#34;  &gt;
&lt;/a&gt;


  
  
  &lt;figcaption&gt;
    Academic is mobile first with a responsive design to ensure that your site looks stunning on every device.
  &lt;/figcaption&gt;


&lt;/figure&gt;

&lt;p&gt;&lt;strong&gt;Key features:&lt;/strong&gt;&lt;/p&gt;
&lt;ul&gt;
&lt;li&gt;&lt;strong&gt;Page builder&lt;/strong&gt; - Create &lt;em&gt;anything&lt;/em&gt; with 
&lt;a href=&#34;https://sourcethemes.com/academic/docs/page-builder/&#34; target=&#34;_blank&#34; rel=&#34;noopener&#34;&gt;&lt;strong&gt;widgets&lt;/strong&gt;&lt;/a&gt; and 
&lt;a href=&#34;https://sourcethemes.com/academic/docs/writing-markdown-latex/&#34; target=&#34;_blank&#34; rel=&#34;noopener&#34;&gt;&lt;strong&gt;elements&lt;/strong&gt;&lt;/a&gt;&lt;/li&gt;
&lt;li&gt;&lt;strong&gt;Edit any type of content&lt;/strong&gt; - Blog posts, publications, talks, slides, projects, and more!&lt;/li&gt;
&lt;li&gt;&lt;strong&gt;Create content&lt;/strong&gt; in 
&lt;a href=&#34;https://sourcethemes.com/academic/docs/writing-markdown-latex/&#34; target=&#34;_blank&#34; rel=&#34;noopener&#34;&gt;&lt;strong&gt;Markdown&lt;/strong&gt;&lt;/a&gt;, 
&lt;a href=&#34;https://sourcethemes.com/academic/docs/jupyter/&#34; target=&#34;_blank&#34; rel=&#34;noopener&#34;&gt;&lt;strong&gt;Jupyter&lt;/strong&gt;&lt;/a&gt;, or 
&lt;a href=&#34;https://sourcethemes.com/academic/docs/install/#install-with-rstudio&#34; target=&#34;_blank&#34; rel=&#34;noopener&#34;&gt;&lt;strong&gt;RStudio&lt;/strong&gt;&lt;/a&gt;&lt;/li&gt;
&lt;li&gt;&lt;strong&gt;Plugin System&lt;/strong&gt; - Fully customizable 
&lt;a href=&#34;https://sourcethemes.com/academic/themes/&#34; target=&#34;_blank&#34; rel=&#34;noopener&#34;&gt;&lt;strong&gt;color&lt;/strong&gt; and &lt;strong&gt;font themes&lt;/strong&gt;&lt;/a&gt;&lt;/li&gt;
&lt;li&gt;&lt;strong&gt;Display Code and Math&lt;/strong&gt; - Code highlighting and 
&lt;a href=&#34;https://en.wikibooks.org/wiki/LaTeX/Mathematics&#34; target=&#34;_blank&#34; rel=&#34;noopener&#34;&gt;LaTeX math&lt;/a&gt; supported&lt;/li&gt;
&lt;li&gt;&lt;strong&gt;Integrations&lt;/strong&gt; - 
&lt;a href=&#34;https://analytics.google.com&#34; target=&#34;_blank&#34; rel=&#34;noopener&#34;&gt;Google Analytics&lt;/a&gt;, 
&lt;a href=&#34;https://disqus.com&#34; target=&#34;_blank&#34; rel=&#34;noopener&#34;&gt;Disqus commenting&lt;/a&gt;, Maps, Contact Forms, and more!&lt;/li&gt;
&lt;li&gt;&lt;strong&gt;Beautiful Site&lt;/strong&gt; - Simple and refreshing one page design&lt;/li&gt;
&lt;li&gt;&lt;strong&gt;Industry-Leading SEO&lt;/strong&gt; - Help get your website found on search engines and social media&lt;/li&gt;
&lt;li&gt;&lt;strong&gt;Media Galleries&lt;/strong&gt; - Display your images and videos with captions in a customizable gallery&lt;/li&gt;
&lt;li&gt;&lt;strong&gt;Mobile Friendly&lt;/strong&gt; - Look amazing on every screen with a mobile friendly version of your site&lt;/li&gt;
&lt;li&gt;&lt;strong&gt;Multi-language&lt;/strong&gt; - 15+ language packs including English, 中文, and Português&lt;/li&gt;
&lt;li&gt;&lt;strong&gt;Multi-user&lt;/strong&gt; - Each author gets their own profile page&lt;/li&gt;
&lt;li&gt;&lt;strong&gt;Privacy Pack&lt;/strong&gt; - Assists with GDPR&lt;/li&gt;
&lt;li&gt;&lt;strong&gt;Stand Out&lt;/strong&gt; - Bring your site to life with animation, parallax backgrounds, and scroll effects&lt;/li&gt;
&lt;li&gt;&lt;strong&gt;One-Click Deployment&lt;/strong&gt; - No servers. No databases. Only files.&lt;/li&gt;
&lt;/ul&gt;
&lt;h2 id=&#34;themes&#34;&gt;Themes&lt;/h2&gt;
&lt;p&gt;Academic comes with &lt;strong&gt;automatic day (light) and night (dark) mode&lt;/strong&gt; built-in. Alternatively, visitors can  choose their preferred mode - click the sun/moon icon in the top right of the 
&lt;a href=&#34;https://academic-demo.netlify.com/&#34; target=&#34;_blank&#34; rel=&#34;noopener&#34;&gt;Demo&lt;/a&gt; to see it in action! Day/night mode can also be disabled by the site admin in &lt;code&gt;params.toml&lt;/code&gt;.&lt;/p&gt;
&lt;p&gt;
&lt;a href=&#34;https://sourcethemes.com/academic/themes/&#34; target=&#34;_blank&#34; rel=&#34;noopener&#34;&gt;Choose a stunning &lt;strong&gt;theme&lt;/strong&gt; and &lt;strong&gt;font&lt;/strong&gt;&lt;/a&gt; for your site. Themes are fully 
&lt;a href=&#34;https://sourcethemes.com/academic/docs/customization/#custom-theme&#34; target=&#34;_blank&#34; rel=&#34;noopener&#34;&gt;customizable&lt;/a&gt;.&lt;/p&gt;
&lt;h2 id=&#34;ecosystem&#34;&gt;Ecosystem&lt;/h2&gt;
&lt;ul&gt;
&lt;li&gt;&lt;strong&gt;
&lt;a href=&#34;https://github.com/sourcethemes/academic-admin&#34; target=&#34;_blank&#34; rel=&#34;noopener&#34;&gt;Academic Admin&lt;/a&gt;:&lt;/strong&gt; An admin tool to import publications from BibTeX or import assets for an offline site&lt;/li&gt;
&lt;li&gt;&lt;strong&gt;
&lt;a href=&#34;https://github.com/sourcethemes/academic-scripts&#34; target=&#34;_blank&#34; rel=&#34;noopener&#34;&gt;Academic Scripts&lt;/a&gt;:&lt;/strong&gt; Scripts to help migrate content to new versions of Academic&lt;/li&gt;
&lt;/ul&gt;
&lt;h2 id=&#34;install&#34;&gt;Install&lt;/h2&gt;
&lt;p&gt;You can choose from one of the following four methods to install:&lt;/p&gt;
&lt;ul&gt;
&lt;li&gt;
&lt;a href=&#34;https://sourcethemes.com/academic/docs/install/#install-with-web-browser&#34; target=&#34;_blank&#34; rel=&#34;noopener&#34;&gt;&lt;strong&gt;one-click install using your web browser (recommended)&lt;/strong&gt;&lt;/a&gt;&lt;/li&gt;
&lt;li&gt;
&lt;a href=&#34;https://sourcethemes.com/academic/docs/install/#install-with-git&#34; target=&#34;_blank&#34; rel=&#34;noopener&#34;&gt;install on your computer using &lt;strong&gt;Git&lt;/strong&gt; with the Command Prompt/Terminal app&lt;/a&gt;&lt;/li&gt;
&lt;li&gt;
&lt;a href=&#34;https://sourcethemes.com/academic/docs/install/#install-with-zip&#34; target=&#34;_blank&#34; rel=&#34;noopener&#34;&gt;install on your computer by downloading the &lt;strong&gt;ZIP files&lt;/strong&gt;&lt;/a&gt;&lt;/li&gt;
&lt;li&gt;
&lt;a href=&#34;https://sourcethemes.com/academic/docs/install/#install-with-rstudio&#34; target=&#34;_blank&#34; rel=&#34;noopener&#34;&gt;install on your computer with &lt;strong&gt;RStudio&lt;/strong&gt;&lt;/a&gt;&lt;/li&gt;
&lt;/ul&gt;
&lt;p&gt;Then 
&lt;a href=&#34;https://sourcethemes.com/academic/docs/get-started/&#34; target=&#34;_blank&#34; rel=&#34;noopener&#34;&gt;personalize and deploy your new site&lt;/a&gt;.&lt;/p&gt;
&lt;h2 id=&#34;updating&#34;&gt;Updating&lt;/h2&gt;
&lt;p&gt;
&lt;a href=&#34;https://sourcethemes.com/academic/docs/update/&#34; target=&#34;_blank&#34; rel=&#34;noopener&#34;&gt;View the Update Guide&lt;/a&gt;.&lt;/p&gt;
&lt;p&gt;Feel free to &lt;em&gt;star&lt;/em&gt; the project on 
&lt;a href=&#34;https://github.com/gcushen/hugo-academic/&#34; target=&#34;_blank&#34; rel=&#34;noopener&#34;&gt;Github&lt;/a&gt; to help keep track of 
&lt;a href=&#34;https://sourcethemes.com/academic/updates&#34; target=&#34;_blank&#34; rel=&#34;noopener&#34;&gt;updates&lt;/a&gt;.&lt;/p&gt;
&lt;h2 id=&#34;license&#34;&gt;License&lt;/h2&gt;
&lt;p&gt;Copyright 2016-present 
&lt;a href=&#34;https://georgecushen.com&#34; target=&#34;_blank&#34; rel=&#34;noopener&#34;&gt;George Cushen&lt;/a&gt;.&lt;/p&gt;
&lt;p&gt;Released under the 
&lt;a href=&#34;https://github.com/gcushen/hugo-academic/blob/master/LICENSE.md&#34; target=&#34;_blank&#34; rel=&#34;noopener&#34;&gt;MIT&lt;/a&gt; license.&lt;/p&gt;
</description>
    </item>
    
    <item>
      <title>Hello R Markdown</title>
      <link>/post/2015-07-23-r-rmarkdown/</link>
      <pubDate>Thu, 23 Jul 2015 21:13:14 -0500</pubDate>
      <guid>/post/2015-07-23-r-rmarkdown/</guid>
      <description>


&lt;div id=&#34;r-markdown&#34; class=&#34;section level1&#34;&gt;
&lt;h1&gt;R Markdown&lt;/h1&gt;
&lt;p&gt;This is an R Markdown document. Markdown is a simple formatting syntax for authoring HTML, PDF, and MS Word documents. For more details on using R Markdown see &lt;a href=&#34;http://rmarkdown.rstudio.com&#34; class=&#34;uri&#34;&gt;http://rmarkdown.rstudio.com&lt;/a&gt;.&lt;/p&gt;
&lt;p&gt;You can embed an R code chunk like this:&lt;/p&gt;
&lt;pre class=&#34;r&#34;&gt;&lt;code&gt;summary(cars)
##      speed           dist       
##  Min.   : 4.0   Min.   :  2.00  
##  1st Qu.:12.0   1st Qu.: 26.00  
##  Median :15.0   Median : 36.00  
##  Mean   :15.4   Mean   : 42.98  
##  3rd Qu.:19.0   3rd Qu.: 56.00  
##  Max.   :25.0   Max.   :120.00
fit &amp;lt;- lm(dist ~ speed, data = cars)
fit
## 
## Call:
## lm(formula = dist ~ speed, data = cars)
## 
## Coefficients:
## (Intercept)        speed  
##     -17.579        3.932&lt;/code&gt;&lt;/pre&gt;
&lt;/div&gt;
&lt;div id=&#34;including-plots&#34; class=&#34;section level1&#34;&gt;
&lt;h1&gt;Including Plots&lt;/h1&gt;
&lt;p&gt;You can also embed plots. See Figure &lt;a href=&#34;#fig:pie&#34;&gt;1&lt;/a&gt; for example:&lt;/p&gt;
&lt;pre class=&#34;r&#34;&gt;&lt;code&gt;par(mar = c(0, 1, 0, 1))
pie(
  c(280, 60, 20),
  c(&amp;#39;Sky&amp;#39;, &amp;#39;Sunny side of pyramid&amp;#39;, &amp;#39;Shady side of pyramid&amp;#39;),
  col = c(&amp;#39;#0292D8&amp;#39;, &amp;#39;#F7EA39&amp;#39;, &amp;#39;#C4B632&amp;#39;),
  init.angle = -50, border = NA
)&lt;/code&gt;&lt;/pre&gt;
&lt;div class=&#34;figure&#34;&gt;&lt;span id=&#34;fig:pie&#34;&gt;&lt;/span&gt;
&lt;img src=&#34;/post/2015-07-23-r-rmarkdown_files/figure-html/pie-1.png&#34; alt=&#34;A fancy pie chart.&#34; width=&#34;672&#34; /&gt;
&lt;p class=&#34;caption&#34;&gt;
Figure 1: A fancy pie chart.
&lt;/p&gt;
&lt;/div&gt;
&lt;/div&gt;
</description>
    </item>
    
  </channel>
</rss>
