<?xml version="1.0" encoding="utf-8" standalone="yes" ?>
<rss version="2.0" xmlns:atom="http://www.w3.org/2005/Atom">
  <channel>
    <title>[Fatemeh H Fard](https://cmps.ok.ubc.ca/about/contact/fatemeh-hendijani-fard/) | Mohammad Abdul Hadi</title>
    <link>/author/fatemeh-h-fardhttps/cmps.ok.ubc.ca/about/contact/fatemeh-hendijani-fard/</link>
      <atom:link href="/author/fatemeh-h-fardhttps/cmps.ok.ubc.ca/about/contact/fatemeh-hendijani-fard/index.xml" rel="self" type="application/rss+xml" />
    <description>[Fatemeh H Fard](https://cmps.ok.ubc.ca/about/contact/fatemeh-hendijani-fard/)</description>
    <generator>Source Themes Academic (https://sourcethemes.com/academic/)</generator><language>en-us</language><copyright>© Mohammad-Abdul-Hadi, 2021</copyright>
    <image>
      <url>/images/icon_hu837153259aa3eaf233be5c21ab790472_13982_512x512_fill_lanczos_center_2.png</url>
      <title>[Fatemeh H Fard](https://cmps.ok.ubc.ca/about/contact/fatemeh-hendijani-fard/)</title>
      <link>/author/fatemeh-h-fardhttps/cmps.ok.ubc.ca/about/contact/fatemeh-hendijani-fard/</link>
    </image>
    
  </channel>
</rss>
