<?xml version="1.0" encoding="utf-8" standalone="yes" ?>
<rss version="2.0" xmlns:atom="http://www.w3.org/2005/Atom">
  <channel>
    <title>Tags | Mohammad Abdul Hadi</title>
    <link>/tags/</link>
      <atom:link href="/tags/index.xml" rel="self" type="application/rss+xml" />
    <description>Tags</description>
    <generator>Source Themes Academic (https://sourcethemes.com/academic/)</generator><language>en-us</language><copyright>© Mohammad-Abdul-Hadi, 2021</copyright><lastBuildDate>Mon, 12 Apr 2021 00:00:00 +0000</lastBuildDate>
    <image>
      <url>/images/icon_hu837153259aa3eaf233be5c21ab790472_13982_512x512_fill_lanczos_center_2.png</url>
      <title>Tags</title>
      <link>/tags/</link>
    </image>
    
  </channel>
</rss>
