<?xml version="1.0" encoding="utf-8" standalone="yes" ?>
<rss version="2.0" xmlns:atom="http://www.w3.org/2005/Atom">
  <channel>
    <title>&lt;a href=&#39;https://cmps.ok.ubc.ca/about/contact/fatemeh-hendijani-fard/&#39;&gt;Fatemeh H Fard&lt;/a&gt; | Mohammad Abdul Hadi</title>
    <link>/author/a-hrefhttps/cmps.ok.ubc.ca/about/contact/fatemeh-hendijani-fard/fatemeh-h-fard/a/</link>
      <atom:link href="/author/a-hrefhttps/cmps.ok.ubc.ca/about/contact/fatemeh-hendijani-fard/fatemeh-h-fard/a/index.xml" rel="self" type="application/rss+xml" />
    <description>&lt;a href=&#39;https://cmps.ok.ubc.ca/about/contact/fatemeh-hendijani-fard/&#39;&gt;Fatemeh H Fard&lt;/a&gt;</description>
    <generator>Source Themes Academic (https://sourcethemes.com/academic/)</generator><language>en-us</language><copyright>© Mohammad-Abdul-Hadi, 2021</copyright>
    <image>
      <url>/images/icon_hu837153259aa3eaf233be5c21ab790472_13982_512x512_fill_lanczos_center_2.png</url>
      <title>&lt;a href=&#39;https://cmps.ok.ubc.ca/about/contact/fatemeh-hendijani-fard/&#39;&gt;Fatemeh H Fard&lt;/a&gt;</title>
      <link>/author/a-hrefhttps/cmps.ok.ubc.ca/about/contact/fatemeh-hendijani-fard/fatemeh-h-fard/a/</link>
    </image>
    
  </channel>
</rss>
