<?xml version="1.0" encoding="utf-8" standalone="yes" ?>
<rss version="2.0" xmlns:atom="http://www.w3.org/2005/Atom">
  <channel>
    <title>3 | Mohammad Abdul Hadi</title>
    <link>/publication-type/3/</link>
      <atom:link href="/publication-type/3/index.xml" rel="self" type="application/rss+xml" />
    <description>3</description>
    <generator>Source Themes Academic (https://sourcethemes.com/academic/)</generator><language>en-us</language><copyright>© Mohammad-Abdul-Hadi, 2021</copyright><lastBuildDate>Mon, 12 Apr 2021 00:00:00 +0000</lastBuildDate>
    <image>
      <url>/images/icon_hu837153259aa3eaf233be5c21ab790472_13982_512x512_fill_lanczos_center_2.png</url>
      <title>3</title>
      <link>/publication-type/3/</link>
    </image>
    
    <item>
      <title>Evaluating Pre-Trained Models for User Feedback Analysis in Software Engineering</title>
      <link>/publication/emp-study-on-ptms/</link>
      <pubDate>Mon, 12 Apr 2021 00:00:00 +0000</pubDate>
      <guid>/publication/emp-study-on-ptms/</guid>
      <description></description>
    </item>
    
  </channel>
</rss>
