<?xml version="1.0" encoding="utf-8" standalone="yes" ?>
<rss version="2.0" xmlns:atom="http://www.w3.org/2005/Atom">
  <channel>
    <title>Not All Publications | Mohammad Abdul Hadi</title>
    <link>/tag/not-all-publications/</link>
      <atom:link href="/tag/not-all-publications/index.xml" rel="self" type="application/rss+xml" />
    <description>Not All Publications</description>
    <generator>Source Themes Academic (https://sourcethemes.com/academic/)</generator><language>en-us</language><copyright>© Mohammad-Abdul-Hadi, 2021</copyright><lastBuildDate>Mon, 05 Oct 2020 00:00:00 +0000</lastBuildDate>
    <image>
      <url>/images/icon_hu837153259aa3eaf233be5c21ab790472_13982_512x512_fill_lanczos_center_2.png</url>
      <title>Not All Publications</title>
      <link>/tag/not-all-publications/</link>
    </image>
    
    <item>
      <title>AOBTM - Adaptive Online Biterm Topic Modeling for Version Sensitive Short-texts Analysis</title>
      <link>/publication/review-viz/</link>
      <pubDate>Mon, 05 Oct 2020 00:00:00 +0000</pubDate>
      <guid>/publication/review-viz/</guid>
      <description>&lt;!--
&lt;div class=&#34;alert alert-note&#34;&gt;
  &lt;div&gt;
    Click the &lt;em&gt;Cite&lt;/em&gt; button above to demo the feature to enable visitors to import publication metadata into their reference management software.
  &lt;/div&gt;
&lt;/div&gt;


&lt;div class=&#34;alert alert-note&#34;&gt;
  &lt;div&gt;
    Click the &lt;em&gt;Slides&lt;/em&gt; button above to demo Academic&amp;rsquo;s Markdown slides feature.
  &lt;/div&gt;
&lt;/div&gt;


Supplementary notes can be added here, including [code and math](https://sourcethemes.com/academic/docs/writing-markdown-latex/).

--&gt;&lt;blockquote&gt;
&lt;/blockquote&gt;
</description>
    </item>
    
  </channel>
</rss>
