<?xml version="1.0" encoding="utf-8" standalone="yes" ?>
<rss version="2.0" xmlns:atom="http://www.w3.org/2005/Atom">
  <channel>
    <title>Demo | Mohammad Abdul Hadi</title>
    <link>/tag/demo/</link>
      <atom:link href="/tag/demo/index.xml" rel="self" type="application/rss+xml" />
    <description>Demo</description>
    <generator>Source Themes Academic (https://sourcethemes.com/academic/)</generator><language>en-us</language><copyright>© Mohammad-Abdul-Hadi, 2021</copyright><lastBuildDate>Wed, 27 Apr 2016 00:00:00 +0000</lastBuildDate>
    <image>
      <url>/images/icon_hu837153259aa3eaf233be5c21ab790472_13982_512x512_fill_lanczos_center_2.png</url>
      <title>Demo</title>
      <link>/tag/demo/</link>
    </image>
    
    <item>
      <title>External Project</title>
      <link>/project/external-project/</link>
      <pubDate>Wed, 27 Apr 2016 00:00:00 +0000</pubDate>
      <guid>/project/external-project/</guid>
      <description></description>
    </item>
    
  </channel>
</rss>
